{
  "type": "FeatureCollection",
  "features": [
    {
      "type": "Feature",
      "id": "black-mountain",
      "geometry": {
        "type": "MultiLineString",
        "coordinates": [
          [
            [
              -131.467816,
              55.300645
            ],
            [
              -131.467593,
              55.300703
            ],
            [
              -131.467543,
              55.300814
            ],
            [
              -131.467505,
              55.300899
            ]
          ],
          [
            [
              -131.467505,
              55.300899
            ],
            [
              -131.467493,
              55.300925
            ],
            [
              -131.467313,
              55.301021
            ],
            [
              -131.466939,
              55.301089
            ],
            [
              -131.466917,
              55.301093
            ]
          ],
          [
            [
              -131.46906,
              55.300162
            ],
            [
              -131.469039,
              55.300146
            ],
            [
              -131.4689,
              55.300132
            ],
            [
              -131.468745,
              55.30016
            ],
            [
              -131.468591,
              55.300301
            ],
            [
              -131.468312,
              55.300425
            ]
          ],
          [
            [
              -131.459592,
              55.300914
            ],
            [
              -131.459403,
              55.30074
            ],
            [
              -131.459284,
              55.300539
            ],
            [
              -131.459268,
              55.30044
            ],
            [
              -131.45921,
              55.300429
            ]
          ],
          [
            [
              -131.472148,
              55.299221
            ],
            [
              -131.472179,
              55.299283
            ],
            [
              -131.472315,
              55.299572
            ],
            [
              -131.472308,
              55.29971
            ]
          ],
          [
            [
              -131.465126,
              55.30167
            ],
            [
              -131.4649,
              55.301791
            ],
            [
              -131.46472,
              55.30178
            ],
            [
              -131.464597,
              55.301795
            ]
          ],
          [
            [
              -131.462415,
              55.301777
            ],
            [
              -131.462267,
              55.301712
            ],
            [
              -131.462142,
              55.30161
            ],
            [
              -131.462081,
              55.301535
            ],
            [
              -131.461929,
              55.301519
            ],
            [
              -131.461751,
              55.301591
            ],
            [
              -131.461509,
              55.301636
            ],
            [
              -131.461291,
              55.301632
            ],
            [
              -131.461239,
              55.301617
            ]
          ],
          [
            [
              -131.460724,
              55.301396
            ],
            [
              -131.46057,
              55.301283
            ],
            [
              -131.46034,
              55.301118
            ]
          ],
          [
            [
              -131.465527,
              55.301489
            ],
            [
              -131.465393,
              55.301534
            ],
            [
              -131.465126,
              55.30167
            ]
          ],
          [
            [
              -131.468312,
              55.300425
            ],
            [
              -131.468193,
              55.300478
            ],
            [
              -131.467858,
              55.300634
            ]
          ],
          [
            [
              -131.464597,
              55.301795
            ],
            [
              -131.464519,
              55.301803
            ],
            [
              -131.464393,
              55.30185
            ],
            [
              -131.464186,
              55.301934
            ],
            [
              -131.464034,
              55.302042
            ]
          ],
          [
            [
              -131.471177,
              55.300418
            ],
            [
              -131.471092,
              55.300431
            ],
            [
              -131.470584,
              55.300559
            ],
            [
              -131.470557,
              55.300564
            ]
          ],
          [
            [
              -131.47012,
              55.300641
            ],
            [
              -131.470012,
              55.30066
            ],
            [
              -131.46964,
              55.300691
            ],
            [
              -131.469321,
              55.300561
            ],
            [
              -131.469224,
              55.300348
            ],
            [
              -131.469141,
              55.300224
            ],
            [
              -131.46906,
              55.300162
            ]
          ],
          [
            [
              -131.463356,
              55.302514
            ],
            [
              -131.463242,
              55.302498
            ],
            [
              -131.463036,
              55.30236
            ],
            [
              -131.462958,
              55.302197
            ]
          ],
          [
            [
              -131.457299,
              55.300599
            ],
            [
              -131.457234,
              55.300601
            ],
            [
              -131.45682,
              55.300606
            ],
            [
              -131.456361,
              55.300623
            ],
            [
              -131.456057,
              55.300617
            ],
            [
              -131.455731,
              55.300611
            ],
            [
              -131.455449,
              55.300594
            ],
            [
              -131.455124,
              55.300563
            ],
            [
              -131.454715,
              55.300468
            ],
            [
              -131.45455,
              55.300304
            ],
            [
              -131.45445,
              55.300153
            ],
            [
              -131.454325,
              55.300051
            ],
            [
              -131.454003,
              55.299971
            ],
            [
              -131.453682,
              55.299866
            ],
            [
              -131.453337,
              55.29981
            ],
            [
              -131.453033,
              55.299792
            ],
            [
              -131.452879,
              55.299826
            ],
            [
              -131.452795,
              55.299959
            ]
          ],
          [
            [
              -131.46034,
              55.301118
            ],
            [
              -131.459888,
              55.301023
            ],
            [
              -131.45961,
              55.30093
            ],
            [
              -131.459592,
              55.300914
            ]
          ],
          [
            [
              -131.466179,
              55.301285
            ],
            [
              -131.4661,
              55.30131
            ],
            [
              -131.465745,
              55.301415
            ],
            [
              -131.465527,
              55.301489
            ]
          ],
          [
            [
              -131.452795,
              55.299959
            ],
            [
              -131.452694,
              55.300009
            ],
            [
              -131.452494,
              55.300092
            ],
            [
              -131.452372,
              55.300103
            ],
            [
              -131.452276,
              55.300088
            ],
            [
              -131.452156,
              55.300046
            ],
            [
              -131.45202,
              55.299981
            ],
            [
              -131.451913,
              55.299932
            ],
            [
              -131.451755,
              55.299918
            ],
            [
              -131.451588,
              55.299939
            ],
            [
              -131.451353,
              55.299976
            ],
            [
              -131.451126,
              55.300017
            ],
            [
              -131.450907,
              55.300051
            ],
            [
              -131.450764,
              55.300064
            ],
            [
              -131.450655,
              55.30011
            ],
            [
              -131.450581,
              55.300116
            ],
            [
              -131.450512,
              55.300106
            ],
            [
              -131.450495,
              55.300109
            ]
          ],
          [
            [
              -131.462958,
              55.302197
            ],
            [
              -131.462991,
              55.301998
            ],
            [
              -131.462964,
              55.301885
            ],
            [
              -131.462955,
              55.301809
            ],
            [
              -131.462966,
              55.301729
            ]
          ],
          [
            [
              -131.466917,
              55.301093
            ],
            [
              -131.466559,
              55.301164
            ],
            [
              -131.466179,
              55.301285
            ]
          ],
          [
            [
              -131.464034,
              55.302042
            ],
            [
              -131.463847,
              55.302262
            ],
            [
              -131.463754,
              55.302389
            ],
            [
              -131.463635,
              55.302497
            ],
            [
              -131.463552,
              55.302513
            ]
          ],
          [
            [
              -131.45921,
              55.300429
            ],
            [
              -131.458966,
              55.300385
            ],
            [
              -131.458577,
              55.300328
            ],
            [
              -131.45825,
              55.300347
            ],
            [
              -131.458028,
              55.300417
            ],
            [
              -131.457891,
              55.300526
            ]
          ],
          [
            [
              -131.462889,
              55.301487
            ],
            [
              -131.462782,
              55.30146
            ],
            [
              -131.46269,
              55.301533
            ],
            [
              -131.462618,
              55.301656
            ],
            [
              -131.462481,
              55.301778
            ],
            [
              -131.462415,
              55.301777
            ]
          ]
        ]
      },
      "properties": {
        "id": "black-mountain",
        "name": "BLACK MOUNTAIN",
        "status": "existing",
        "corridorId": null,
        "landManagers": [
          "USDA Forest Service"
        ],
        "lengthMi": 1.023,
        "elevationGainFt": 0,
        "difficulty": "easy",
        "surface": "native",
        "seasonality": "Snow-free May–October",
        "connectsTo": [],
        "summary": "",
        "whatItNeeds": null,
        "sourceRef": "usfs-nfs-trails",
        "updatedAt": "2026-08-28"
      }
    },
    {
      "type": "Feature",
      "id": "carlanna-lake",
      "geometry": {
        "type": "MultiLineString",
        "coordinates": [
          [
            [
              -131.685889,
              55.370455
            ],
            [
              -131.68583,
              55.370496
            ],
            [
              -131.685684,
              55.370633
            ],
            [
              -131.685493,
              55.370773
            ],
            [
              -131.685253,
              55.370862
            ],
            [
              -131.685114,
              55.370983
            ],
            [
              -131.684985,
              55.371083
            ],
            [
              -131.684917,
              55.371141
            ],
            [
              -131.684808,
              55.371216
            ],
            [
              -131.684654,
              55.371291
            ],
            [
              -131.684499,
              55.371384
            ],
            [
              -131.684404,
              55.371458
            ],
            [
              -131.684283,
              55.37154
            ],
            [
              -131.684186,
              55.371606
            ],
            [
              -131.684037,
              55.37166
            ],
            [
              -131.683972,
              55.3717
            ],
            [
              -131.683869,
              55.371762
            ],
            [
              -131.683759,
              55.371849
            ],
            [
              -131.683633,
              55.37196
            ],
            [
              -131.683519,
              55.372037
            ],
            [
              -131.683387,
              55.37212
            ],
            [
              -131.683178,
              55.372232
            ],
            [
              -131.683043,
              55.372293
            ],
            [
              -131.682823,
              55.372381
            ],
            [
              -131.682563,
              55.372495
            ],
            [
              -131.682359,
              55.372572
            ],
            [
              -131.682217,
              55.372598
            ],
            [
              -131.681985,
              55.372603
            ],
            [
              -131.681742,
              55.372651
            ],
            [
              -131.681602,
              55.372747
            ],
            [
              -131.681492,
              55.372838
            ],
            [
              -131.681384,
              55.372936
            ],
            [
              -131.681293,
              55.373011
            ],
            [
              -131.681079,
              55.373047
            ],
            [
              -131.680941,
              55.37303
            ],
            [
              -131.680758,
              55.373036
            ],
            [
              -131.680588,
              55.37306
            ],
            [
              -131.680421,
              55.373072
            ],
            [
              -131.680254,
              55.3733
            ],
            [
              -131.680118,
              55.373376
            ],
            [
              -131.679928,
              55.373451
            ],
            [
              -131.679744,
              55.37354
            ],
            [
              -131.679601,
              55.373644
            ],
            [
              -131.679405,
              55.373741
            ],
            [
              -131.678959,
              55.373736
            ],
            [
              -131.678556,
              55.374002
            ],
            [
              -131.678491,
              55.374125
            ],
            [
              -131.6784,
              55.37426
            ],
            [
              -131.678326,
              55.374315
            ],
            [
              -131.678238,
              55.374377
            ]
          ],
          [
            [
              -131.687693,
              55.369906
            ],
            [
              -131.687593,
              55.369946
            ],
            [
              -131.687345,
              55.370016
            ],
            [
              -131.687138,
              55.370054
            ],
            [
              -131.687037,
              55.370063
            ]
          ],
          [
            [
              -131.690686,
              55.368116
            ],
            [
              -131.690642,
              55.36822
            ],
            [
              -131.690597,
              55.368343
            ],
            [
              -131.69055,
              55.368444
            ],
            [
              -131.690524,
              55.368525
            ]
          ],
          [
            [
              -131.692217,
              55.366951
            ],
            [
              -131.692148,
              55.367044
            ],
            [
              -131.692108,
              55.367146
            ],
            [
              -131.692101,
              55.367175
            ],
            [
              -131.692084,
              55.367246
            ],
            [
              -131.692081,
              55.367261
            ],
            [
              -131.692075,
              55.36729
            ]
          ],
          [
            [
              -131.691332,
              55.367875
            ],
            [
              -131.691214,
              55.367895
            ],
            [
              -131.691101,
              55.367893
            ],
            [
              -131.690994,
              55.367845
            ],
            [
              -131.690877,
              55.367773
            ]
          ]
        ]
      },
      "properties": {
        "id": "carlanna-lake",
        "name": "Carlanna Lake",
        "status": "existing",
        "corridorId": "downtown-to-ward-lake",
        "landManagers": [
          "City of Ketchikan",
          "Ketchikan Gateway Borough"
        ],
        "lengthMi": 0.531,
        "elevationGainFt": 60,
        "difficulty": "moderate",
        "surface": "native",
        "seasonality": "Snow-free May–October",
        "connectsTo": [
          "minerva-mountain"
        ],
        "summary": "Existing trail from the Carlanna neighborhood to Carlanna Lake. A built mile on the downtown-to-Ward spine.",
        "whatItNeeds": null,
        "sourceRef": "usfs-nfs-trails",
        "updatedAt": "2026-08-28"
      }
    },
    {
      "type": "Feature",
      "id": "carlanna-to-ward-lake",
      "geometry": {
        "type": "LineString",
        "coordinates": [
          [
            -131.6684,
            55.3638
          ],
          [
            -131.6708,
            55.3712
          ],
          [
            -131.6742,
            55.3796
          ],
          [
            -131.6786,
            55.3884
          ],
          [
            -131.6824,
            55.3968
          ],
          [
            -131.6856,
            55.4048
          ]
        ]
      },
      "properties": {
        "id": "carlanna-to-ward-lake",
        "name": "Carlanna to Ward Lake",
        "status": "proposed",
        "corridorId": "downtown-to-ward-lake",
        "landManagers": [
          "USDA Forest Service"
        ],
        "lengthMi": 2.914,
        "elevationGainFt": 2520,
        "difficulty": null,
        "surface": "unbuilt",
        "seasonality": "Snow-free May–October",
        "connectsTo": [
          "minerva-mountain"
        ],
        "summary": "Conceptual alignment only — not surveyed. The longest gap on the downtown-to-Ward spine, crossing the benches between Carlanna Lake and the Ward drainage.",
        "whatItNeeds": "A surveyed line, land-manager agreement (USFS, Borough, and any Trust parcels), and a funded design package.",
        "sourceRef": "hand-drawn-concept",
        "updatedAt": "2026-08-28"
      }
    },
    {
      "type": "Feature",
      "id": "connell-lake",
      "geometry": {
        "type": "MultiLineString",
        "coordinates": [
          [
            [
              -131.649542,
              55.440525
            ],
            [
              -131.649,
              55.440888
            ],
            [
              -131.648472,
              55.441402
            ],
            [
              -131.64795,
              55.441268
            ]
          ],
          [
            [
              -131.657733,
              55.442001
            ],
            [
              -131.657711,
              55.44203
            ],
            [
              -131.657117,
              55.44221
            ],
            [
              -131.657029,
              55.442157
            ]
          ],
          [
            [
              -131.654803,
              55.441486
            ],
            [
              -131.654574,
              55.441313
            ],
            [
              -131.654373,
              55.441093
            ]
          ],
          [
            [
              -131.657029,
              55.442157
            ],
            [
              -131.656631,
              55.441917
            ],
            [
              -131.655969,
              55.441811
            ],
            [
              -131.655748,
              55.441807
            ]
          ],
          [
            [
              -131.651626,
              55.440393
            ],
            [
              -131.651452,
              55.440312
            ],
            [
              -131.651231,
              55.439738
            ],
            [
              -131.650226,
              55.439769
            ],
            [
              -131.650161,
              55.439849
            ]
          ],
          [
            [
              -131.66592,
              55.439957
            ],
            [
              -131.665911,
              55.440123
            ],
            [
              -131.665884,
              55.440646
            ],
            [
              -131.665965,
              55.440816
            ]
          ],
          [
            [
              -131.649866,
              55.44021
            ],
            [
              -131.649691,
              55.440425
            ],
            [
              -131.649542,
              55.440525
            ]
          ],
          [
            [
              -131.655185,
              55.441775
            ],
            [
              -131.654803,
              55.441486
            ]
          ],
          [
            [
              -131.670365,
              55.433754
            ],
            [
              -131.669987,
              55.433923
            ],
            [
              -131.669561,
              55.434248
            ]
          ],
          [
            [
              -131.663825,
              55.440407
            ],
            [
              -131.663731,
              55.440278
            ],
            [
              -131.663073,
              55.440077
            ],
            [
              -131.662762,
              55.439644
            ],
            [
              -131.661826,
              55.439961
            ],
            [
              -131.660983,
              55.440137
            ],
            [
              -131.6603,
              55.440411
            ],
            [
              -131.660195,
              55.440433
            ]
          ],
          [
            [
              -131.665022,
              55.441833
            ],
            [
              -131.664662,
              55.44167
            ],
            [
              -131.664103,
              55.441186
            ],
            [
              -131.664044,
              55.44071
            ],
            [
              -131.663825,
              55.440407
            ]
          ],
          [
            [
              -131.668905,
              55.435063
            ],
            [
              -131.668404,
              55.435464
            ],
            [
              -131.668399,
              55.435569
            ]
          ],
          [
            [
              -131.665001,
              55.437817
            ],
            [
              -131.664927,
              55.43819
            ]
          ],
          [
            [
              -131.668189,
              55.435916
            ],
            [
              -131.668039,
              55.436075
            ],
            [
              -131.667803,
              55.436111
            ]
          ],
          [
            [
              -131.666503,
              55.436355
            ],
            [
              -131.666183,
              55.436425
            ],
            [
              -131.665863,
              55.436639
            ]
          ],
          [
            [
              -131.653794,
              55.440771
            ],
            [
              -131.653108,
              55.440577
            ],
            [
              -131.652871,
              55.440597
            ]
          ],
          [
            [
              -131.659379,
              55.440706
            ],
            [
              -131.659184,
              55.44101
            ],
            [
              -131.659165,
              55.441024
            ]
          ],
          [
            [
              -131.666088,
              55.442385
            ],
            [
              -131.665795,
              55.442401
            ],
            [
              -131.665316,
              55.441966
            ],
            [
              -131.665022,
              55.441833
            ]
          ],
          [
            [
              -131.660174,
              55.440437
            ],
            [
              -131.659456,
              55.440587
            ],
            [
              -131.659379,
              55.440706
            ]
          ],
          [
            [
              -131.654373,
              55.441093
            ],
            [
              -131.654179,
              55.440879
            ],
            [
              -131.653794,
              55.440771
            ]
          ],
          [
            [
              -131.665042,
              55.438431
            ],
            [
              -131.665228,
              55.438783
            ],
            [
              -131.665247,
              55.438815
            ]
          ],
          [
            [
              -131.655748,
              55.441807
            ],
            [
              -131.655217,
              55.441798
            ],
            [
              -131.655185,
              55.441775
            ]
          ],
          [
            [
              -131.650161,
              55.439849
            ],
            [
              -131.649866,
              55.44021
            ]
          ],
          [
            [
              -131.665489,
              55.439203
            ],
            [
              -131.6659,
              55.439706
            ]
          ],
          [
            [
              -131.670703,
              55.433523
            ],
            [
              -131.6705,
              55.433694
            ],
            [
              -131.670365,
              55.433754
            ]
          ],
          [
            [
              -131.667493,
              55.436159
            ],
            [
              -131.667198,
              55.436204
            ],
            [
              -131.666752,
              55.436301
            ]
          ],
          [
            [
              -131.665285,
              55.438877
            ],
            [
              -131.665459,
              55.439167
            ],
            [
              -131.665489,
              55.439203
            ]
          ],
          [
            [
              -131.659094,
              55.441077
            ],
            [
              -131.658749,
              55.441335
            ],
            [
              -131.657968,
              55.441754
            ]
          ],
          [
            [
              -131.665492,
              55.436888
            ],
            [
              -131.66524,
              55.43736
            ]
          ],
          [
            [
              -131.665965,
              55.440816
            ],
            [
              -131.66611,
              55.441124
            ],
            [
              -131.666426,
              55.441509
            ],
            [
              -131.666737,
              55.441942
            ],
            [
              -131.666465,
              55.442365
            ],
            [
              -131.666429,
              55.442366
            ]
          ],
          [
            [
              -131.66524,
              55.43736
            ],
            [
              -131.665215,
              55.437406
            ],
            [
              -131.665036,
              55.43764
            ]
          ]
        ]
      },
      "properties": {
        "id": "connell-lake",
        "name": "Connell Lake",
        "status": "existing",
        "corridorId": "ward-to-lunch-creek",
        "landManagers": [
          "USDA Forest Service"
        ],
        "lengthMi": 1.519,
        "elevationGainFt": 90,
        "difficulty": "moderate",
        "surface": "native",
        "seasonality": "Snow-free May–October",
        "connectsTo": [],
        "summary": "Existing USFS trail at Connell Lake. The gap is getting here from Ward without walking the road.",
        "whatItNeeds": null,
        "sourceRef": "usfs-nfs-trails",
        "updatedAt": "2026-08-28"
      }
    },
    {
      "type": "Feature",
      "id": "connell-to-lunch-creek",
      "geometry": {
        "type": "LineString",
        "coordinates": [
          [
            -131.6682,
            55.4486
          ],
          [
            -131.6624,
            55.4568
          ],
          [
            -131.6548,
            55.4642
          ],
          [
            -131.6466,
            55.4708
          ],
          [
            -131.6408,
            55.4762
          ]
        ]
      },
      "properties": {
        "id": "connell-to-lunch-creek",
        "name": "Connell to Lunch Creek",
        "status": "proposed",
        "corridorId": "ward-to-lunch-creek",
        "landManagers": [
          "Ketchikan Gateway Borough",
          "Native corporation / tribal",
          "State of Alaska",
          "USDA Forest Service"
        ],
        "lengthMi": 2.197,
        "elevationGainFt": 1570,
        "difficulty": null,
        "surface": "unbuilt",
        "seasonality": "Snow-free May–October",
        "connectsTo": [],
        "summary": "Conceptual alignment only — not surveyed. Continues the interior corridor from Connell Lake toward Lunch Creek so the north-island trails stop being isolated walk-ins.",
        "whatItNeeds": "Survey, USFS review, and a decision on how the line meets existing Lunch Creek tread.",
        "sourceRef": "hand-drawn-concept",
        "updatedAt": "2026-08-28"
      }
    },
    {
      "type": "Feature",
      "id": "deer-mountain",
      "geometry": {
        "type": "MultiLineString",
        "coordinates": [
          [
            [
              -131.522493,
              55.380391
            ],
            [
              -131.522321,
              55.380447
            ],
            [
              -131.522086,
              55.380526
            ],
            [
              -131.52195,
              55.38055
            ]
          ],
          [
            [
              -131.525812,
              55.38066
            ],
            [
              -131.525715,
              55.380645
            ],
            [
              -131.525308,
              55.380576
            ],
            [
              -131.525132,
              55.380522
            ],
            [
              -131.524945,
              55.380416
            ],
            [
              -131.524737,
              55.380323
            ]
          ],
          [
            [
              -131.569492,
              55.380893
            ],
            [
              -131.569346,
              55.381038
            ],
            [
              -131.568876,
              55.381218
            ],
            [
              -131.568665,
              55.381292
            ]
          ],
          [
            [
              -131.556984,
              55.389568
            ],
            [
              -131.556617,
              55.389647
            ],
            [
              -131.555957,
              55.389927
            ],
            [
              -131.555317,
              55.390307
            ],
            [
              -131.554656,
              55.390436
            ]
          ],
          [
            [
              -131.534832,
              55.38479
            ],
            [
              -131.534891,
              55.384765
            ],
            [
              -131.535006,
              55.38477
            ],
            [
              -131.53511,
              55.384739
            ],
            [
              -131.535181,
              55.384667
            ],
            [
              -131.53519,
              55.384585
            ],
            [
              -131.535057,
              55.384518
            ],
            [
              -131.534911,
              55.38445
            ],
            [
              -131.534867,
              55.384426
            ],
            [
              -131.534849,
              55.38439
            ],
            [
              -131.534848,
              55.384352
            ],
            [
              -131.534781,
              55.384332
            ],
            [
              -131.534716,
              55.384324
            ],
            [
              -131.534589,
              55.384337
            ]
          ],
          [
            [
              -131.559987,
              55.390267
            ],
            [
              -131.559626,
              55.390078
            ],
            [
              -131.559457,
              55.389948
            ],
            [
              -131.559296,
              55.389934
            ]
          ],
          [
            [
              -131.568665,
              55.381292
            ],
            [
              -131.568447,
              55.381368
            ],
            [
              -131.568336,
              55.381518
            ],
            [
              -131.568227,
              55.381638
            ],
            [
              -131.568556,
              55.381798
            ],
            [
              -131.568656,
              55.381948
            ],
            [
              -131.568619,
              55.381972
            ]
          ],
          [
            [
              -131.53546,
              55.385275
            ],
            [
              -131.53533,
              55.385298
            ],
            [
              -131.535258,
              55.385333
            ],
            [
              -131.53523,
              55.38538
            ],
            [
              -131.535183,
              55.385401
            ],
            [
              -131.535127,
              55.385386
            ],
            [
              -131.535097,
              55.385349
            ],
            [
              -131.535055,
              55.385323
            ],
            [
              -131.534996,
              55.385313
            ],
            [
              -131.534912,
              55.385324
            ],
            [
              -131.534902,
              55.385323
            ]
          ],
          [
            [
              -131.562721,
              55.390226
            ],
            [
              -131.562542,
              55.390286
            ],
            [
              -131.562104,
              55.390422
            ],
            [
              -131.561902,
              55.390464
            ],
            [
              -131.56178,
              55.390449
            ]
          ],
          [
            [
              -131.568036,
              55.382608
            ],
            [
              -131.567907,
              55.382718
            ],
            [
              -131.568126,
              55.382848
            ],
            [
              -131.567976,
              55.382998
            ],
            [
              -131.568146,
              55.383188
            ],
            [
              -131.567906,
              55.383358
            ],
            [
              -131.567913,
              55.38361
            ],
            [
              -131.567947,
              55.383878
            ],
            [
              -131.567756,
              55.384068
            ]
          ],
          [
            [
              -131.528954,
              55.381341
            ],
            [
              -131.528902,
              55.381341
            ],
            [
              -131.528715,
              55.38137
            ],
            [
              -131.528484,
              55.381373
            ],
            [
              -131.528201,
              55.381387
            ],
            [
              -131.527918,
              55.381403
            ],
            [
              -131.527634,
              55.381424
            ],
            [
              -131.527442,
              55.381417
            ],
            [
              -131.527246,
              55.381373
            ],
            [
              -131.527064,
              55.381297
            ],
            [
              -131.526901,
              55.381236
            ],
            [
              -131.526744,
              55.381167
            ],
            [
              -131.52665,
              55.381129
            ],
            [
              -131.526614,
              55.381088
            ],
            [
              -131.526628,
              55.381067
            ],
            [
              -131.526731,
              55.381061
            ],
            [
              -131.526877,
              55.381086
            ],
            [
              -131.527105,
              55.38113
            ],
            [
              -131.527349,
              55.381123
            ],
            [
              -131.527517,
              55.381108
            ],
            [
              -131.527564,
              55.381072
            ],
            [
              -131.527521,
              55.381028
            ],
            [
              -131.527414,
              55.381004
            ],
            [
              -131.527215,
              55.381
            ],
            [
              -131.527036,
              55.380978
            ]
          ],
          [
            [
              -131.554656,
              55.390436
            ],
            [
              -131.554287,
              55.390507
            ],
            [
              -131.553931,
              55.390504
            ],
            [
              -131.553851,
              55.390512
            ]
          ],
          [
            [
              -131.53398,
              55.384066
            ],
            [
              -131.534026,
              55.384038
            ],
            [
              -131.534135,
              55.384039
            ],
            [
              -131.534257,
              55.384045
            ],
            [
              -131.534315,
              55.384032
            ],
            [
              -131.534374,
              55.384022
            ],
            [
              -131.534424,
              55.384045
            ],
            [
              -131.534493,
              55.384057
            ],
            [
              -131.534614,
              55.384059
            ],
            [
              -131.534628,
              55.384059
            ],
            [
              -131.534744,
              55.384046
            ],
            [
              -131.534803,
              55.384031
            ],
            [
              -131.53478,
              55.383998
            ],
            [
              -131.534709,
              55.383987
            ],
            [
              -131.534652,
              55.383992
            ],
            [
              -131.534593,
              55.383996
            ],
            [
              -131.534498,
              55.38398
            ],
            [
              -131.53441,
              55.383938
            ],
            [
              -131.534323,
              55.383889
            ]
          ],
          [
            [
              -131.566759,
              55.373461
            ],
            [
              -131.566508,
              55.373752
            ],
            [
              -131.566417,
              55.373877
            ]
          ],
          [
            [
              -131.547807,
              55.390362
            ],
            [
              -131.547507,
              55.390227
            ],
            [
              -131.547377,
              55.390078
            ],
            [
              -131.547139,
              55.38996
            ]
          ],
          [
            [
              -131.534839,
              55.386017
            ],
            [
              -131.534779,
              55.385993
            ],
            [
              -131.53473,
              55.385956
            ],
            [
              -131.534637,
              55.385903
            ],
            [
              -131.534622,
              55.38583
            ],
            [
              -131.534657,
              55.385764
            ],
            [
              -131.534703,
              55.385754
            ],
            [
              -131.534839,
              55.385724
            ],
            [
              -131.534994,
              55.385697
            ],
            [
              -131.535118,
              55.385663
            ],
            [
              -131.53515,
              55.385655
            ]
          ],
          [
            [
              -131.569595,
              55.380187
            ],
            [
              -131.569436,
              55.380438
            ],
            [
              -131.569477,
              55.380508
            ],
            [
              -131.569537,
              55.380848
            ],
            [
              -131.569492,
              55.380893
            ]
          ],
          [
            [
              -131.569237,
              55.378414
            ],
            [
              -131.569236,
              55.378558
            ],
            [
              -131.569204,
              55.378771
            ]
          ],
          [
            [
              -131.576809,
              55.366636
            ],
            [
              -131.576816,
              55.36665
            ],
            [
              -131.576816,
              55.366935
            ]
          ],
          [
            [
              -131.567307,
              55.372618
            ],
            [
              -131.567136,
              55.372828
            ],
            [
              -131.567006,
              55.372978
            ]
          ],
          [
            [
              -131.533262,
              55.382215
            ],
            [
              -131.533227,
              55.382231
            ],
            [
              -131.533105,
              55.382225
            ],
            [
              -131.533018,
              55.382183
            ],
            [
              -131.532852,
              55.38217
            ],
            [
              -131.532716,
              55.382189
            ],
            [
              -131.532495,
              55.382244
            ],
            [
              -131.532468,
              55.382248
            ]
          ],
          [
            [
              -131.575847,
              55.363181
            ],
            [
              -131.575766,
              55.363319
            ],
            [
              -131.575676,
              55.363468
            ],
            [
              -131.575785,
              55.363578
            ],
            [
              -131.575766,
              55.363749
            ],
            [
              -131.575717,
              55.363966
            ],
            [
              -131.575832,
              55.364266
            ]
          ],
          [
            [
              -131.615189,
              55.339394
            ],
            [
              -131.615076,
              55.33931
            ],
            [
              -131.614537,
              55.339198
            ],
            [
              -131.614033,
              55.338946
            ],
            [
              -131.613772,
              55.338749
            ]
          ],
          [
            [
              -131.604287,
              55.342337
            ],
            [
              -131.604085,
              55.342379
            ],
            [
              -131.603696,
              55.342588
            ],
            [
              -131.603493,
              55.342672
            ]
          ],
          [
            [
              -131.571292,
              55.369984
            ],
            [
              -131.571036,
              55.369988
            ],
            [
              -131.570697,
              55.370078
            ],
            [
              -131.570601,
              55.370095
            ]
          ],
          [
            [
              -131.58522,
              55.350912
            ],
            [
              -131.584709,
              55.351213
            ],
            [
              -131.584522,
              55.351377
            ]
          ],
          [
            [
              -131.573866,
              55.368999
            ],
            [
              -131.573856,
              55.369109
            ],
            [
              -131.573577,
              55.369178
            ],
            [
              -131.573146,
              55.369369
            ],
            [
              -131.572926,
              55.369538
            ],
            [
              -131.572996,
              55.369738
            ],
            [
              -131.572938,
              55.369814
            ]
          ],
          [
            [
              -131.579957,
              55.357567
            ],
            [
              -131.579666,
              55.357868
            ],
            [
              -131.57938,
              55.358082
            ],
            [
              -131.578806,
              55.358559
            ],
            [
              -131.578397,
              55.358914
            ],
            [
              -131.578076,
              55.359289
            ],
            [
              -131.578005,
              55.359399
            ]
          ],
          [
            [
              -131.57724,
              55.361379
            ],
            [
              -131.577156,
              55.361479
            ],
            [
              -131.576836,
              55.361818
            ],
            [
              -131.576722,
              55.361917
            ]
          ],
          [
            [
              -131.582343,
              55.355017
            ],
            [
              -131.582366,
              55.355078
            ],
            [
              -131.582326,
              55.355379
            ],
            [
              -131.581915,
              55.355868
            ],
            [
              -131.581726,
              55.355979
            ],
            [
              -131.581516,
              55.356218
            ],
            [
              -131.581366,
              55.356357
            ]
          ],
          [
            [
              -131.565447,
              55.388384
            ],
            [
              -131.565407,
              55.388453
            ],
            [
              -131.565143,
              55.388671
            ]
          ],
          [
            [
              -131.620484,
              55.341595
            ],
            [
              -131.619447,
              55.341548
            ],
            [
              -131.617965,
              55.341371
            ],
            [
              -131.61722,
              55.341091
            ],
            [
              -131.616448,
              55.340614
            ],
            [
              -131.615869,
              55.340101
            ],
            [
              -131.615473,
              55.339608
            ],
            [
              -131.615189,
              55.339394
            ]
          ],
          [
            [
              -131.56178,
              55.390449
            ],
            [
              -131.561367,
              55.390398
            ],
            [
              -131.561126,
              55.390288
            ],
            [
              -131.560266,
              55.390287
            ],
            [
              -131.559987,
              55.390267
            ]
          ],
          [
            [
              -131.603493,
              55.342672
            ],
            [
              -131.603399,
              55.342712
            ],
            [
              -131.602968,
              55.342814
            ],
            [
              -131.602588,
              55.342898
            ],
            [
              -131.602226,
              55.342978
            ]
          ],
          [
            [
              -131.611607,
              55.337243
            ],
            [
              -131.61147,
              55.337217
            ],
            [
              -131.611592,
              55.337593
            ],
            [
              -131.611888,
              55.337916
            ],
            [
              -131.61135,
              55.338154
            ],
            [
              -131.6107,
              55.338284
            ]
          ],
          [
            [
              -131.577657,
              55.359975
            ],
            [
              -131.577646,
              55.360039
            ],
            [
              -131.577476,
              55.360399
            ],
            [
              -131.577373,
              55.360824
            ],
            [
              -131.577325,
              55.361278
            ],
            [
              -131.577303,
              55.361305
            ]
          ],
          [
            [
              -131.58317,
              55.354019
            ],
            [
              -131.583174,
              55.354049
            ],
            [
              -131.583045,
              55.354365
            ]
          ],
          [
            [
              -131.605493,
              55.339564
            ],
            [
              -131.605517,
              55.3396
            ],
            [
              -131.605677,
              55.339936
            ],
            [
              -131.605921,
              55.340364
            ],
            [
              -131.605833,
              55.340372
            ],
            [
              -131.605501,
              55.340419
            ],
            [
              -131.605353,
              55.340461
            ]
          ],
          [
            [
              -131.545866,
              55.388802
            ],
            [
              -131.545786,
              55.388698
            ],
            [
              -131.545546,
              55.388617
            ],
            [
              -131.545446,
              55.388357
            ],
            [
              -131.545246,
              55.388057
            ],
            [
              -131.544946,
              55.388078
            ],
            [
              -131.544837,
              55.387967
            ],
            [
              -131.544624,
              55.387855
            ]
          ],
          [
            [
              -131.6107,
              55.338284
            ],
            [
              -131.610502,
              55.338324
            ],
            [
              -131.609426,
              55.338374
            ],
            [
              -131.608525,
              55.33842
            ],
            [
              -131.608041,
              55.338098
            ],
            [
              -131.60742,
              55.337796
            ],
            [
              -131.607165,
              55.337911
            ],
            [
              -131.607079,
              55.337966
            ]
          ],
          [
            [
              -131.568619,
              55.381972
            ],
            [
              -131.568296,
              55.382178
            ],
            [
              -131.568186,
              55.382398
            ]
          ],
          [
            [
              -131.605404,
              55.339082
            ],
            [
              -131.605296,
              55.339273
            ],
            [
              -131.605493,
              55.339564
            ]
          ],
          [
            [
              -131.557761,
              55.389619
            ],
            [
              -131.557118,
              55.389539
            ],
            [
              -131.556984,
              55.389568
            ]
          ],
          [
            [
              -131.567118,
              55.374147
            ],
            [
              -131.567346,
              55.374158
            ],
            [
              -131.567526,
              55.374258
            ],
            [
              -131.567567,
              55.374438
            ],
            [
              -131.567476,
              55.374589
            ],
            [
              -131.56755,
              55.37462
            ]
          ],
          [
            [
              -131.566654,
              55.386947
            ],
            [
              -131.566686,
              55.387028
            ],
            [
              -131.566536,
              55.387198
            ],
            [
              -131.566277,
              55.387368
            ],
            [
              -131.566036,
              55.387568
            ]
          ],
          [
            [
              -131.552971,
              55.390792
            ],
            [
              -131.552304,
              55.391067
            ]
          ],
          [
            [
              -131.605353,
              55.340461
            ],
            [
              -131.605245,
              55.340492
            ],
            [
              -131.605114,
              55.340576
            ],
            [
              -131.605025,
              55.340729
            ],
            [
              -131.605025,
              55.340789
            ]
          ],
          [
            [
              -131.613772,
              55.338749
            ],
            [
              -131.613747,
              55.33873
            ],
            [
              -131.613463,
              55.338245
            ],
            [
              -131.613114,
              55.337962
            ],
            [
              -131.61222,
              55.337359
            ],
            [
              -131.611607,
              55.337243
            ]
          ],
          [
            [
              -131.569204,
              55.378771
            ],
            [
              -131.569196,
              55.378828
            ],
            [
              -131.569127,
              55.378958
            ],
            [
              -131.569198,
              55.379094
            ]
          ],
          [
            [
              -131.622529,
              55.341588
            ],
            [
              -131.621422,
              55.341614
            ]
          ],
          [
            [
              -131.532468,
              55.382248
            ],
            [
              -131.532275,
              55.38228
            ],
            [
              -131.532019,
              55.382275
            ],
            [
              -131.531731,
              55.382256
            ],
            [
              -131.531444,
              55.382243
            ],
            [
              -131.531205,
              55.382261
            ],
            [
              -131.531064,
              55.382269
            ]
          ],
          [
            [
              -131.57629,
              55.367852
            ],
            [
              -131.576276,
              55.367868
            ],
            [
              -131.575826,
              55.368228
            ],
            [
              -131.575656,
              55.368469
            ],
            [
              -131.575456,
              55.368638
            ],
            [
              -131.575356,
              55.368748
            ],
            [
              -131.575006,
              55.368748
            ],
            [
              -131.574346,
              55.368709
            ],
            [
              -131.574256,
              55.368829
            ],
            [
              -131.573876,
              55.368898
            ],
            [
              -131.573866,
              55.368999
            ]
          ],
          [
            [
              -131.569387,
              55.376838
            ],
            [
              -131.569386,
              55.377028
            ],
            [
              -131.569176,
              55.377178
            ],
            [
              -131.569087,
              55.377478
            ],
            [
              -131.569083,
              55.377643
            ],
            [
              -131.569083,
              55.377659
            ]
          ],
          [
            [
              -131.534589,
              55.384337
            ],
            [
              -131.534588,
              55.384305
            ],
            [
              -131.534626,
              55.384277
            ],
            [
              -131.534637,
              55.384245
            ],
            [
              -131.534568,
              55.384226
            ],
            [
              -131.534401,
              55.384219
            ],
            [
              -131.534299,
              55.38421
            ],
            [
              -131.534203,
              55.384201
            ],
            [
              -131.534103,
              55.384167
            ],
            [
              -131.53408,
              55.384156
            ],
            [
              -131.53404,
              55.384136
            ],
            [
              -131.533978,
              55.384099
            ],
            [
              -131.53398,
              55.384066
            ]
          ],
          [
            [
              -131.594705,
              55.345034
            ],
            [
              -131.594563,
              55.345097
            ],
            [
              -131.593983,
              55.345349
            ],
            [
              -131.59305,
              55.345842
            ],
            [
              -131.592565,
              55.346056
            ],
            [
              -131.591576,
              55.346459
            ],
            [
              -131.590885,
              55.346609
            ],
            [
              -131.590265,
              55.346668
            ],
            [
              -131.589875,
              55.346729
            ],
            [
              -131.589475,
              55.346669
            ],
            [
              -131.589229,
              55.34667
            ],
            [
              -131.588865,
              55.346779
            ],
            [
              -131.588759,
              55.346988
            ],
            [
              -131.588773,
              55.347172
            ],
            [
              -131.588634,
              55.347326
            ],
            [
              -131.588375,
              55.347478
            ],
            [
              -131.587978,
              55.34777
            ],
            [
              -131.587727,
              55.34799
            ],
            [
              -131.58742,
              55.348162
            ],
            [
              -131.587101,
              55.348326
            ],
            [
              -131.586935,
              55.348534
            ],
            [
              -131.586858,
              55.348852
            ],
            [
              -131.586828,
              55.349205
            ],
            [
              -131.586855,
              55.349524
            ],
            [
              -131.586918,
              55.349734
            ],
            [
              -131.586849,
              55.349892
            ]
          ],
          [
            [
              -131.566417,
              55.373877
            ],
            [
              -131.566386,
              55.373918
            ],
            [
              -131.566516,
              55.374008
            ],
            [
              -131.566746,
              55.374128
            ],
            [
              -131.567118,
              55.374147
            ]
          ],
          [
            [
              -131.53515,
              55.385655
            ],
            [
              -131.535313,
              55.385612
            ],
            [
              -131.535431,
              55.38557
            ],
            [
              -131.535465,
              55.385523
            ],
            [
              -131.535481,
              55.385465
            ],
            [
              -131.535529,
              55.385415
            ],
            [
              -131.535538,
              55.38536
            ],
            [
              -131.535529,
              55.385305
            ],
            [
              -131.53546,
              55.385275
            ]
          ],
          [
            [
              -131.569494,
              55.379481
            ],
            [
              -131.569476,
              55.379648
            ],
            [
              -131.569497,
              55.379928
            ],
            [
              -131.569626,
              55.380138
            ],
            [
              -131.569595,
              55.380187
            ]
          ],
          [
            [
              -131.576816,
              55.366935
            ],
            [
              -131.576816,
              55.367118
            ],
            [
              -131.576536,
              55.367548
            ],
            [
              -131.57629,
              55.367852
            ]
          ],
          [
            [
              -131.546646,
              55.38969
            ],
            [
              -131.546596,
              55.389648
            ],
            [
              -131.546596,
              55.389517
            ],
            [
              -131.546366,
              55.389297
            ],
            [
              -131.546277,
              55.388998
            ],
            [
              -131.545956,
              55.388918
            ],
            [
              -131.545866,
              55.388802
            ]
          ],
          [
            [
              -131.621422,
              55.341614
            ],
            [
              -131.621077,
              55.341622
            ],
            [
              -131.620484,
              55.341595
            ]
          ],
          [
            [
              -131.542206,
              55.387691
            ],
            [
              -131.542206,
              55.387717
            ],
            [
              -131.542137,
              55.387887
            ],
            [
              -131.541817,
              55.387998
            ],
            [
              -131.541517,
              55.388168
            ],
            [
              -131.541197,
              55.388227
            ],
            [
              -131.540954,
              55.388286
            ]
          ],
          [
            [
              -131.544624,
              55.387855
            ],
            [
              -131.544477,
              55.387778
            ],
            [
              -131.544287,
              55.387778
            ],
            [
              -131.544066,
              55.387697
            ],
            [
              -131.543997,
              55.387689
            ]
          ],
          [
            [
              -131.580936,
              55.356735
            ],
            [
              -131.580636,
              55.356989
            ],
            [
              -131.580286,
              55.357288
            ],
            [
              -131.579957,
              55.357567
            ]
          ],
          [
            [
              -131.534323,
              55.383889
            ],
            [
              -131.534332,
              55.383868
            ],
            [
              -131.534338,
              55.383853
            ],
            [
              -131.534474,
              55.383826
            ],
            [
              -131.534615,
              55.383825
            ],
            [
              -131.534636,
              55.3838
            ],
            [
              -131.534586,
              55.383763
            ],
            [
              -131.534397,
              55.383708
            ],
            [
              -131.534309,
              55.38367
            ],
            [
              -131.534294,
              55.383659
            ],
            [
              -131.534211,
              55.383599
            ],
            [
              -131.534144,
              55.383532
            ],
            [
              -131.534122,
              55.383459
            ],
            [
              -131.53414,
              55.383389
            ],
            [
              -131.534146,
              55.383364
            ],
            [
              -131.534124,
              55.383302
            ],
            [
              -131.534024,
              55.38326
            ],
            [
              -131.533909,
              55.383247
            ],
            [
              -131.533801,
              55.38323
            ],
            [
              -131.533746,
              55.383175
            ]
          ],
          [
            [
              -131.565612,
              55.388034
            ],
            [
              -131.565616,
              55.388058
            ],
            [
              -131.565557,
              55.388193
            ],
            [
              -131.565447,
              55.388384
            ]
          ],
          [
            [
              -131.576046,
              55.365326
            ],
            [
              -131.576106,
              55.365379
            ],
            [
              -131.576066,
              55.365508
            ],
            [
              -131.575996,
              55.365718
            ],
            [
              -131.576059,
              55.36586
            ],
            [
              -131.576316,
              55.366149
            ],
            [
              -131.576666,
              55.366348
            ],
            [
              -131.576689,
              55.366394
            ]
          ],
          [
            [
              -131.581366,
              55.356357
            ],
            [
              -131.581182,
              55.356528
            ],
            [
              -131.58103,
              55.356656
            ]
          ],
          [
            [
              -131.607079,
              55.337966
            ],
            [
              -131.606952,
              55.338048
            ],
            [
              -131.606908,
              55.338412
            ],
            [
              -131.606838,
              55.33878
            ],
            [
              -131.606236,
              55.338734
            ],
            [
              -131.605627,
              55.338717
            ],
            [
              -131.605461,
              55.338983
            ],
            [
              -131.605404,
              55.339082
            ]
          ],
          [
            [
              -131.601804,
              55.343108
            ],
            [
              -131.601766,
              55.343121
            ],
            [
              -131.601372,
              55.343314
            ],
            [
              -131.601029,
              55.343504
            ],
            [
              -131.600536,
              55.343819
            ],
            [
              -131.599383,
              55.344008
            ],
            [
              -131.59887,
              55.343959
            ],
            [
              -131.598043,
              55.344027
            ],
            [
              -131.597462,
              55.344123
            ],
            [
              -131.596883,
              55.344183
            ],
            [
              -131.5965,
              55.344411
            ],
            [
              -131.59624,
              55.34455
            ],
            [
              -131.595392,
              55.344733
            ],
            [
              -131.594705,
              55.345034
            ]
          ],
          [
            [
              -131.570601,
              55.370095
            ],
            [
              -131.570356,
              55.370139
            ],
            [
              -131.570356,
              55.370289
            ],
            [
              -131.570116,
              55.370588
            ],
            [
              -131.569966,
              55.370704
            ]
          ],
          [
            [
              -131.524504,
              55.380238
            ],
            [
              -131.524481,
              55.380229
            ],
            [
              -131.524261,
              55.380152
            ],
            [
              -131.523979,
              55.380136
            ],
            [
              -131.523812,
              55.380152
            ],
            [
              -131.523553,
              55.380187
            ],
            [
              -131.52341,
              55.380225
            ],
            [
              -131.523248,
              55.380262
            ],
            [
              -131.523073,
              55.380292
            ],
            [
              -131.52295,
              55.3803
            ]
          ],
          [
            [
              -131.527036,
              55.380978
            ],
            [
              -131.527011,
              55.380975
            ],
            [
              -131.526778,
              55.380901
            ],
            [
              -131.52662,
              55.380858
            ],
            [
              -131.526527,
              55.380809
            ],
            [
              -131.52635,
              55.380755
            ],
            [
              -131.526039,
              55.380695
            ],
            [
              -131.525857,
              55.380667
            ]
          ],
          [
            [
              -131.539062,
              55.387747
            ],
            [
              -131.539015,
              55.387718
            ],
            [
              -131.538834,
              55.387609
            ],
            [
              -131.538687,
              55.38753
            ],
            [
              -131.538679,
              55.387525
            ],
            [
              -131.538565,
              55.387494
            ]
          ],
          [
            [
              -131.531064,
              55.382269
            ],
            [
              -131.530957,
              55.382227
            ],
            [
              -131.530895,
              55.382193
            ],
            [
              -131.53085,
              55.382196
            ],
            [
              -131.530733,
              55.382213
            ],
            [
              -131.530561,
              55.382199
            ],
            [
              -131.53032,
              55.38215
            ],
            [
              -131.530164,
              55.382071
            ],
            [
              -131.530035,
              55.381967
            ],
            [
              -131.529926,
              55.381844
            ],
            [
              -131.529839,
              55.381799
            ],
            [
              -131.529776,
              55.381798
            ]
          ],
          [
            [
              -131.572619,
              55.369918
            ],
            [
              -131.572326,
              55.369929
            ],
            [
              -131.571766,
              55.369988
            ],
            [
              -131.571496,
              55.369981
            ],
            [
              -131.571292,
              55.369984
            ]
          ],
          [
            [
              -131.585817,
              55.350595
            ],
            [
              -131.585739,
              55.350636
            ],
            [
              -131.58534,
              55.350841
            ],
            [
              -131.58522,
              55.350912
            ]
          ],
          [
            [
              -131.529776,
              55.381798
            ],
            [
              -131.529717,
              55.381797
            ],
            [
              -131.529589,
              55.381802
            ],
            [
              -131.52941,
              55.381791
            ],
            [
              -131.529199,
              55.381777
            ],
            [
              -131.529156,
              55.381736
            ],
            [
              -131.529168,
              55.381645
            ],
            [
              -131.529206,
              55.381528
            ],
            [
              -131.529192,
              55.381437
            ],
            [
              -131.529138,
              55.381367
            ],
            [
              -131.529043,
              55.381343
            ],
            [
              -131.528954,
              55.381341
            ]
          ],
          [
            [
              -131.569198,
              55.379094
            ],
            [
              -131.569216,
              55.379128
            ],
            [
              -131.569428,
              55.379377
            ]
          ],
          [
            [
              -131.535787,
              55.386312
            ],
            [
              -131.535681,
              55.386279
            ],
            [
              -131.535433,
              55.386234
            ],
            [
              -131.535326,
              55.386203
            ],
            [
              -131.535317,
              55.386172
            ],
            [
              -131.53531,
              55.386148
            ],
            [
              -131.535318,
              55.386105
            ],
            [
              -131.53538,
              55.386029
            ],
            [
              -131.535402,
              55.385975
            ],
            [
              -131.535378,
              55.385952
            ],
            [
              -131.53527,
              55.385929
            ],
            [
              -131.535135,
              55.385933
            ],
            [
              -131.535018,
              55.385968
            ],
            [
              -131.534951,
              55.386025
            ],
            [
              -131.534919,
              55.386028
            ],
            [
              -131.534874,
              55.386031
            ],
            [
              -131.534839,
              55.386017
            ]
          ],
          [
            [
              -131.568322,
              55.371468
            ],
            [
              -131.568276,
              55.371498
            ],
            [
              -131.567927,
              55.371578
            ],
            [
              -131.567647,
              55.371798
            ],
            [
              -131.567456,
              55.371968
            ],
            [
              -131.567326,
              55.372309
            ],
            [
              -131.567339,
              55.37258
            ],
            [
              -131.567307,
              55.372618
            ]
          ],
          [
            [
              -131.567277,
              55.385694
            ],
            [
              -131.567136,
              55.385938
            ],
            [
              -131.566917,
              55.386038
            ],
            [
              -131.566966,
              55.386088
            ],
            [
              -131.566916,
              55.386148
            ],
            [
              -131.566845,
              55.386163
            ]
          ],
          [
            [
              -131.57633,
              55.362285
            ],
            [
              -131.576126,
              55.362509
            ],
            [
              -131.575886,
              55.362739
            ],
            [
              -131.575866,
              55.363148
            ],
            [
              -131.575847,
              55.363181
            ]
          ],
          [
            [
              -131.559296,
              55.389934
            ],
            [
              -131.559216,
              55.389928
            ],
            [
              -131.559046,
              55.389908
            ],
            [
              -131.558937,
              55.389838
            ],
            [
              -131.558936,
              55.389688
            ],
            [
              -131.558578,
              55.389656
            ]
          ],
          [
            [
              -131.534902,
              55.385323
            ],
            [
              -131.534842,
              55.385319
            ],
            [
              -131.534835,
              55.385301
            ],
            [
              -131.534825,
              55.385271
            ],
            [
              -131.534847,
              55.385217
            ],
            [
              -131.534837,
              55.385165
            ],
            [
              -131.534788,
              55.385124
            ],
            [
              -131.534692,
              55.38513
            ],
            [
              -131.534543,
              55.38516
            ],
            [
              -131.534418,
              55.385188
            ],
            [
              -131.534406,
              55.385191
            ],
            [
              -131.534297,
              55.385189
            ],
            [
              -131.534295,
              55.385188
            ],
            [
              -131.534216,
              55.385158
            ],
            [
              -131.534219,
              55.385103
            ],
            [
              -131.534317,
              55.385054
            ],
            [
              -131.534423,
              55.385008
            ],
            [
              -131.534547,
              55.384952
            ],
            [
              -131.534672,
              55.384892
            ],
            [
              -131.534793,
              55.384807
            ],
            [
              -131.534832,
              55.38479
            ]
          ],
          [
            [
              -131.566036,
              55.387568
            ],
            [
              -131.565586,
              55.387908
            ],
            [
              -131.565612,
              55.388034
            ]
          ],
          [
            [
              -131.563489,
              55.389942
            ],
            [
              -131.563001,
              55.390136
            ],
            [
              -131.562721,
              55.390226
            ]
          ],
          [
            [
              -131.583222,
              55.3531
            ],
            [
              -131.58316,
              55.353422
            ],
            [
              -131.58314,
              55.353795
            ],
            [
              -131.58317,
              55.354019
            ]
          ],
          [
            [
              -131.564989,
              55.388775
            ],
            [
              -131.564796,
              55.388903
            ],
            [
              -131.564536,
              55.389028
            ],
            [
              -131.564406,
              55.389067
            ],
            [
              -131.564066,
              55.389257
            ],
            [
              -131.564006,
              55.389458
            ],
            [
              -131.563676,
              55.389578
            ],
            [
              -131.563616,
              55.389647
            ],
            [
              -131.563598,
              55.38977
            ]
          ],
          [
            [
              -131.540954,
              55.388286
            ],
            [
              -131.540486,
              55.388397
            ],
            [
              -131.540357,
              55.38838
            ],
            [
              -131.540231,
              55.388352
            ],
            [
              -131.540087,
              55.38828
            ],
            [
              -131.540026,
              55.38825
            ]
          ],
          [
            [
              -131.56864,
              55.375335
            ],
            [
              -131.568676,
              55.375398
            ],
            [
              -131.568827,
              55.375658
            ],
            [
              -131.568726,
              55.375788
            ],
            [
              -131.568896,
              55.375888
            ],
            [
              -131.569237,
              55.376068
            ],
            [
              -131.569306,
              55.376298
            ],
            [
              -131.569237,
              55.376558
            ],
            [
              -131.569342,
              55.376756
            ]
          ],
          [
            [
              -131.567756,
              55.384068
            ],
            [
              -131.567546,
              55.384108
            ],
            [
              -131.567546,
              55.384258
            ],
            [
              -131.567817,
              55.384434
            ]
          ],
          [
            [
              -131.575856,
              55.364477
            ],
            [
              -131.575826,
              55.364668
            ],
            [
              -131.575655,
              55.364868
            ],
            [
              -131.575545,
              55.365038
            ],
            [
              -131.575866,
              55.365168
            ],
            [
              -131.576046,
              55.365326
            ]
          ],
          [
            [
              -131.582959,
              55.354469
            ],
            [
              -131.582826,
              55.354609
            ],
            [
              -131.58247,
              55.354864
            ]
          ],
          [
            [
              -131.605025,
              55.340789
            ],
            [
              -131.605025,
              55.340979
            ],
            [
              -131.605095,
              55.341088
            ],
            [
              -131.604964,
              55.341279
            ],
            [
              -131.604775,
              55.341669
            ],
            [
              -131.604744,
              55.341969
            ],
            [
              -131.604575,
              55.342079
            ],
            [
              -131.604344,
              55.341989
            ],
            [
              -131.604425,
              55.342309
            ],
            [
              -131.604287,
              55.342337
            ]
          ],
          [
            [
              -131.566845,
              55.386163
            ],
            [
              -131.566726,
              55.386188
            ],
            [
              -131.566796,
              55.386338
            ],
            [
              -131.566746,
              55.386468
            ],
            [
              -131.566516,
              55.386598
            ],
            [
              -131.566654,
              55.386947
            ]
          ],
          [
            [
              -131.583732,
              55.352516
            ],
            [
              -131.583648,
              55.352657
            ],
            [
              -131.583396,
              55.352916
            ],
            [
              -131.583222,
              55.3531
            ]
          ],
          [
            [
              -131.567006,
              55.372978
            ],
            [
              -131.566916,
              55.373278
            ],
            [
              -131.566759,
              55.373461
            ]
          ],
          [
            [
              -131.568011,
              55.384592
            ],
            [
              -131.568132,
              55.384776
            ],
            [
              -131.5682,
              55.384873
            ],
            [
              -131.568166,
              55.384968
            ],
            [
              -131.567997,
              55.385078
            ],
            [
              -131.567755,
              55.385233
            ],
            [
              -131.567684,
              55.385302
            ]
          ],
          [
            [
              -131.547139,
              55.38996
            ],
            [
              -131.546726,
              55.389757
            ],
            [
              -131.546646,
              55.38969
            ]
          ],
          [
            [
              -131.567684,
              55.385302
            ],
            [
              -131.567626,
              55.385358
            ],
            [
              -131.567246,
              55.385438
            ],
            [
              -131.567248,
              55.385451
            ]
          ],
          [
            [
              -131.553851,
              55.390512
            ],
            [
              -131.553582,
              55.390538
            ],
            [
              -131.552971,
              55.390792
            ]
          ],
          [
            [
              -131.543728,
              55.387658
            ],
            [
              -131.543467,
              55.387628
            ],
            [
              -131.543336,
              55.387667
            ],
            [
              -131.542936,
              55.387697
            ],
            [
              -131.542786,
              55.387667
            ],
            [
              -131.542737,
              55.387518
            ],
            [
              -131.542456,
              55.387517
            ],
            [
              -131.542206,
              55.387608
            ]
          ],
          [
            [
              -131.538196,
              55.387413
            ],
            [
              -131.538154,
              55.387388
            ],
            [
              -131.538136,
              55.387378
            ],
            [
              -131.538079,
              55.387343
            ],
            [
              -131.537975,
              55.387346
            ],
            [
              -131.537925,
              55.387348
            ],
            [
              -131.537789,
              55.387367
            ],
            [
              -131.537611,
              55.387346
            ],
            [
              -131.537481,
              55.387263
            ],
            [
              -131.537348,
              55.387236
            ],
            [
              -131.53717,
              55.387196
            ],
            [
              -131.537108,
              55.387162
            ],
            [
              -131.537041,
              55.387095
            ],
            [
              -131.536957,
              55.386995
            ],
            [
              -131.536923,
              55.386903
            ],
            [
              -131.536859,
              55.386793
            ],
            [
              -131.536824,
              55.386723
            ],
            [
              -131.53668,
              55.386665
            ],
            [
              -131.536598,
              55.386627
            ],
            [
              -131.536519,
              55.386549
            ],
            [
              -131.536407,
              55.386485
            ],
            [
              -131.536256,
              55.386431
            ],
            [
              -131.536104,
              55.386403
            ],
            [
              -131.53599,
              55.386372
            ],
            [
              -131.535876,
              55.386341
            ],
            [
              -131.535787,
              55.386312
            ]
          ],
          [
            [
              -131.578005,
              55.359399
            ],
            [
              -131.577846,
              55.359649
            ],
            [
              -131.577696,
              55.359738
            ],
            [
              -131.577679,
              55.359838
            ]
          ],
          [
            [
              -131.552304,
              55.391067
            ],
            [
              -131.551796,
              55.391277
            ],
            [
              -131.551496,
              55.391257
            ]
          ],
          [
            [
              -131.56755,
              55.37462
            ],
            [
              -131.567826,
              55.374738
            ],
            [
              -131.568056,
              55.374798
            ],
            [
              -131.568276,
              55.374909
            ],
            [
              -131.568556,
              55.375188
            ],
            [
              -131.56864,
              55.375335
            ]
          ],
          [
            [
              -131.533746,
              55.383175
            ],
            [
              -131.533755,
              55.383127
            ],
            [
              -131.533795,
              55.38311
            ],
            [
              -131.533902,
              55.383141
            ],
            [
              -131.533972,
              55.383149
            ],
            [
              -131.534087,
              55.383155
            ],
            [
              -131.534175,
              55.383186
            ],
            [
              -131.53427,
              55.383217
            ],
            [
              -131.53434,
              55.383222
            ],
            [
              -131.534405,
              55.383212
            ],
            [
              -131.534419,
              55.383183
            ],
            [
              -131.534402,
              55.38315
            ],
            [
              -131.534315,
              55.383101
            ],
            [
              -131.534215,
              55.383037
            ],
            [
              -131.53411,
              55.382977
            ],
            [
              -131.534042,
              55.382928
            ],
            [
              -131.534037,
              55.382895
            ],
            [
              -131.534064,
              55.382877
            ],
            [
              -131.534127,
              55.382893
            ],
            [
              -131.534234,
              55.382924
            ],
            [
              -131.534322,
              55.382955
            ],
            [
              -131.534404,
              55.382982
            ],
            [
              -131.534437,
              55.382964
            ],
            [
              -131.53442,
              55.382924
            ],
            [
              -131.534334,
              55.382864
            ],
            [
              -131.534221,
              55.382814
            ],
            [
              -131.53403,
              55.382672
            ],
            [
              -131.533972,
              55.382558
            ],
            [
              -131.533942,
              55.382404
            ],
            [
              -131.533872,
              55.382268
            ],
            [
              -131.533799,
              55.382205
            ],
            [
              -131.533659,
              55.38218
            ],
            [
              -131.533506,
              55.38217
            ],
            [
              -131.533306,
              55.382196
            ],
            [
              -131.533262,
              55.382215
            ]
          ],
          [
            [
              -131.540026,
              55.38825
            ],
            [
              -131.539906,
              55.38819
            ],
            [
              -131.539654,
              55.388108
            ],
            [
              -131.539505,
              55.388025
            ],
            [
              -131.539395,
              55.38791
            ]
          ],
          [
            [
              -131.569966,
              55.370704
            ],
            [
              -131.569777,
              55.370849
            ],
            [
              -131.569437,
              55.370998
            ],
            [
              -131.569157,
              55.371088
            ],
            [
              -131.568706,
              55.371218
            ],
            [
              -131.568322,
              55.371468
            ]
          ],
          [
            [
              -131.551222,
              55.391102
            ],
            [
              -131.550826,
              55.391207
            ],
            [
              -131.550677,
              55.391167
            ],
            [
              -131.550227,
              55.391257
            ],
            [
              -131.549626,
              55.391058
            ],
            [
              -131.548937,
              55.390998
            ],
            [
              -131.548317,
              55.390607
            ],
            [
              -131.548077,
              55.390527
            ],
            [
              -131.548037,
              55.390437
            ],
            [
              -131.547886,
              55.390397
            ],
            [
              -131.547807,
              55.390362
            ]
          ]
        ]
      },
      "properties": {
        "id": "deer-mountain",
        "name": "Deer Mountain",
        "status": "existing",
        "corridorId": "deer-mountain-to-silvis",
        "landManagers": [
          "USDA Forest Service"
        ],
        "lengthMi": 7.661,
        "elevationGainFt": 3000,
        "difficulty": "difficult",
        "surface": "native",
        "seasonality": "Snow-free late June–September on the upper mountain",
        "connectsTo": [
          "deer-to-silvis",
          "silvis-lake"
        ],
        "summary": "The island's signature climb from downtown to the Deer Mountain ridge. Usable today; the gap is what happens after the summit.",
        "whatItNeeds": null,
        "sourceRef": "usfs-nfs-trails",
        "updatedAt": "2026-08-28"
      }
    },
    {
      "type": "Feature",
      "id": "deer-to-silvis",
      "geometry": {
        "type": "LineString",
        "coordinates": [
          [
            -131.6148,
            55.3476
          ],
          [
            -131.6062,
            55.3438
          ],
          [
            -131.5964,
            55.3386
          ],
          [
            -131.5868,
            55.3334
          ],
          [
            -131.5784,
            55.3292
          ]
        ]
      },
      "properties": {
        "id": "deer-to-silvis",
        "name": "Deer Mountain to Silvis",
        "status": "proposed",
        "corridorId": "deer-mountain-to-silvis",
        "landManagers": [
          "Alaska Mental Health Trust",
          "State of Alaska"
        ],
        "lengthMi": 1.915,
        "elevationGainFt": 2650,
        "difficulty": null,
        "surface": "unbuilt",
        "seasonality": "Snow-free May–October",
        "connectsTo": [
          "deer-mountain"
        ],
        "summary": "Conceptual alignment only — not surveyed. A ridge connection from Deer Mountain toward Silvis Lake. Showing this line is a planning statement, not a route description.",
        "whatItNeeds": "A surveyed alpine alignment, a seasonal-use plan, and Forest Service agreement before anyone hangs flagging.",
        "sourceRef": "hand-drawn-concept",
        "updatedAt": "2026-08-28"
      }
    },
    {
      "type": "Feature",
      "id": "dude-mountain",
      "geometry": {
        "type": "MultiLineString",
        "coordinates": [
          [
            [
              -131.612556,
              55.419316
            ],
            [
              -131.612606,
              55.419236
            ],
            [
              -131.612605,
              55.419196
            ],
            [
              -131.612576,
              55.419045
            ],
            [
              -131.612575,
              55.419016
            ],
            [
              -131.612605,
              55.418975
            ],
            [
              -131.612576,
              55.418916
            ],
            [
              -131.612625,
              55.418915
            ],
            [
              -131.612725,
              55.418915
            ],
            [
              -131.612755,
              55.418916
            ],
            [
              -131.612796,
              55.418895
            ],
            [
              -131.612815,
              55.418895
            ],
            [
              -131.612815,
              55.418866
            ],
            [
              -131.612875,
              55.418845
            ],
            [
              -131.612945,
              55.418826
            ],
            [
              -131.612986,
              55.418826
            ],
            [
              -131.613026,
              55.418805
            ],
            [
              -131.613095,
              55.418806
            ],
            [
              -131.613206,
              55.418765
            ],
            [
              -131.613176,
              55.418745
            ],
            [
              -131.613176,
              55.418716
            ],
            [
              -131.613176,
              55.418695
            ],
            [
              -131.613155,
              55.418676
            ],
            [
              -131.613155,
              55.418635
            ],
            [
              -131.613096,
              55.418595
            ],
            [
              -131.613096,
              55.418566
            ],
            [
              -131.613115,
              55.418545
            ],
            [
              -131.613135,
              55.418506
            ],
            [
              -131.613156,
              55.418486
            ],
            [
              -131.613225,
              55.418415
            ],
            [
              -131.613246,
              55.418396
            ],
            [
              -131.613396,
              55.418356
            ],
            [
              -131.613375,
              55.418316
            ],
            [
              -131.613355,
              55.418266
            ],
            [
              -131.613326,
              55.418225
            ],
            [
              -131.613395,
              55.418166
            ],
            [
              -131.613436,
              55.418166
            ],
            [
              -131.613525,
              55.418136
            ],
            [
              -131.613736,
              55.418116
            ],
            [
              -131.613735,
              55.418056
            ],
            [
              -131.613715,
              55.417986
            ],
            [
              -131.613635,
              55.417945
            ],
            [
              -131.613585,
              55.417886
            ],
            [
              -131.613635,
              55.417886
            ],
            [
              -131.613676,
              55.417866
            ],
            [
              -131.613716,
              55.417836
            ],
            [
              -131.613735,
              55.417816
            ],
            [
              -131.613736,
              55.417796
            ],
            [
              -131.613905,
              55.417686
            ],
            [
              -131.614033,
              55.417702
            ],
            [
              -131.614056,
              55.417686
            ],
            [
              -131.614056,
              55.417666
            ],
            [
              -131.614076,
              55.417649
            ]
          ],
          [
            [
              -131.608931,
              55.425057
            ],
            [
              -131.609035,
              55.425005
            ],
            [
              -131.609055,
              55.424985
            ],
            [
              -131.609236,
              55.424875
            ],
            [
              -131.609296,
              55.424835
            ],
            [
              -131.609366,
              55.424765
            ],
            [
              -131.609555,
              55.424665
            ],
            [
              -131.609485,
              55.424645
            ],
            [
              -131.609536,
              55.424575
            ],
            [
              -131.609596,
              55.424555
            ],
            [
              -131.609815,
              55.424465
            ],
            [
              -131.609851,
              55.424447
            ]
          ],
          [
            [
              -131.610351,
              55.424334
            ],
            [
              -131.610565,
              55.424255
            ],
            [
              -131.610666,
              55.424125
            ],
            [
              -131.610775,
              55.424085
            ],
            [
              -131.610795,
              55.424079
            ]
          ],
          [
            [
              -131.614499,
              55.416593
            ],
            [
              -131.614485,
              55.416576
            ],
            [
              -131.614486,
              55.416556
            ],
            [
              -131.614515,
              55.416506
            ],
            [
              -131.614516,
              55.416486
            ],
            [
              -131.614486,
              55.416486
            ],
            [
              -131.614486,
              55.416466
            ],
            [
              -131.614516,
              55.416446
            ],
            [
              -131.614536,
              55.416426
            ],
            [
              -131.614555,
              55.416426
            ],
            [
              -131.614536,
              55.416406
            ],
            [
              -131.614516,
              55.416356
            ],
            [
              -131.614576,
              55.416356
            ],
            [
              -131.614615,
              55.416336
            ],
            [
              -131.614686,
              55.416256
            ],
            [
              -131.614705,
              55.416226
            ],
            [
              -131.614745,
              55.416206
            ],
            [
              -131.614726,
              55.416186
            ],
            [
              -131.614785,
              55.416126
            ],
            [
              -131.614855,
              55.416076
            ],
            [
              -131.614876,
              55.416056
            ],
            [
              -131.614927,
              55.415969
            ]
          ],
          [
            [
              -131.615109,
              55.415787
            ],
            [
              -131.615115,
              55.415776
            ],
            [
              -131.615115,
              55.415736
            ],
            [
              -131.615156,
              55.415716
            ],
            [
              -131.615196,
              55.415736
            ],
            [
              -131.615235,
              55.415696
            ],
            [
              -131.615235,
              55.415656
            ],
            [
              -131.615346,
              55.415586
            ],
            [
              -131.615456,
              55.415506
            ],
            [
              -131.615475,
              55.415476
            ],
            [
              -131.615475,
              55.415436
            ],
            [
              -131.615546,
              55.415416
            ],
            [
              -131.615585,
              55.415376
            ],
            [
              -131.615586,
              55.415326
            ],
            [
              -131.615565,
              55.415286
            ],
            [
              -131.615515,
              55.415226
            ]
          ],
          [
            [
              -131.61086,
              55.421741
            ],
            [
              -131.610925,
              55.421705
            ],
            [
              -131.610926,
              55.421675
            ],
            [
              -131.610965,
              55.421615
            ],
            [
              -131.610995,
              55.421595
            ],
            [
              -131.611115,
              55.421575
            ],
            [
              -131.611115,
              55.421525
            ],
            [
              -131.611095,
              55.421525
            ],
            [
              -131.611035,
              55.421445
            ],
            [
              -131.611056,
              55.421426
            ],
            [
              -131.611186,
              55.421375
            ],
            [
              -131.611185,
              55.421315
            ],
            [
              -131.611115,
              55.421275
            ],
            [
              -131.611095,
              55.421205
            ],
            [
              -131.611245,
              55.421205
            ]
          ],
          [
            [
              -131.611245,
              55.421205
            ],
            [
              -131.611336,
              55.421276
            ],
            [
              -131.611485,
              55.421296
            ],
            [
              -131.611575,
              55.421165
            ],
            [
              -131.611675,
              55.421165
            ],
            [
              -131.611746,
              55.421146
            ],
            [
              -131.611725,
              55.421075
            ],
            [
              -131.611695,
              55.421035
            ],
            [
              -131.611696,
              55.420995
            ],
            [
              -131.611726,
              55.420975
            ],
            [
              -131.611745,
              55.420955
            ],
            [
              -131.611785,
              55.420825
            ],
            [
              -131.611785,
              55.420806
            ],
            [
              -131.611845,
              55.420715
            ]
          ],
          [
            [
              -131.608505,
              55.425735
            ],
            [
              -131.608375,
              55.425605
            ],
            [
              -131.608356,
              55.425585
            ],
            [
              -131.608335,
              55.425565
            ],
            [
              -131.608355,
              55.425525
            ],
            [
              -131.608416,
              55.425475
            ],
            [
              -131.608506,
              55.425435
            ],
            [
              -131.608486,
              55.425395
            ],
            [
              -131.608455,
              55.425345
            ]
          ],
          [
            [
              -131.609395,
              55.425422
            ],
            [
              -131.609335,
              55.425435
            ],
            [
              -131.609125,
              55.425625
            ],
            [
              -131.609048,
              55.42566
            ]
          ],
          [
            [
              -131.612105,
              55.41995
            ],
            [
              -131.612105,
              55.419926
            ],
            [
              -131.612105,
              55.419895
            ],
            [
              -131.612146,
              55.419876
            ],
            [
              -131.612145,
              55.419795
            ],
            [
              -131.612175,
              55.419725
            ],
            [
              -131.612215,
              55.419706
            ],
            [
              -131.612236,
              55.419706
            ],
            [
              -131.612256,
              55.419685
            ],
            [
              -131.612295,
              55.419665
            ],
            [
              -131.612386,
              55.419595
            ],
            [
              -131.612405,
              55.419576
            ],
            [
              -131.612386,
              55.419576
            ],
            [
              -131.612345,
              55.419495
            ],
            [
              -131.612366,
              55.419446
            ],
            [
              -131.612366,
              55.419405
            ],
            [
              -131.612426,
              55.419365
            ],
            [
              -131.612475,
              55.419366
            ],
            [
              -131.612516,
              55.419345
            ],
            [
              -131.612556,
              55.419316
            ]
          ],
          [
            [
              -131.614145,
              55.417586
            ],
            [
              -131.614146,
              55.417536
            ],
            [
              -131.614145,
              55.417456
            ],
            [
              -131.614145,
              55.417406
            ],
            [
              -131.614165,
              55.417366
            ],
            [
              -131.614186,
              55.417366
            ],
            [
              -131.614205,
              55.417346
            ],
            [
              -131.614185,
              55.417326
            ],
            [
              -131.614165,
              55.417306
            ],
            [
              -131.614206,
              55.417216
            ],
            [
              -131.614275,
              55.417196
            ],
            [
              -131.614296,
              55.417196
            ],
            [
              -131.614296,
              55.417106
            ],
            [
              -131.614315,
              55.417106
            ],
            [
              -131.614335,
              55.417086
            ],
            [
              -131.614385,
              55.417006
            ],
            [
              -131.614385,
              55.416936
            ],
            [
              -131.614386,
              55.416852
            ]
          ],
          [
            [
              -131.611174,
              55.42215
            ],
            [
              -131.611115,
              55.422155
            ],
            [
              -131.611075,
              55.422135
            ],
            [
              -131.610925,
              55.421935
            ],
            [
              -131.610905,
              55.421935
            ],
            [
              -131.610815,
              55.421765
            ],
            [
              -131.61086,
              55.421741
            ]
          ],
          [
            [
              -131.615515,
              55.415226
            ],
            [
              -131.615545,
              55.415176
            ],
            [
              -131.615545,
              55.415116
            ],
            [
              -131.615565,
              55.415076
            ],
            [
              -131.615546,
              55.414986
            ],
            [
              -131.615566,
              55.414966
            ],
            [
              -131.615545,
              55.414926
            ],
            [
              -131.615566,
              55.414876
            ],
            [
              -131.615565,
              55.414796
            ],
            [
              -131.615586,
              55.414746
            ],
            [
              -131.615515,
              55.414646
            ],
            [
              -131.615515,
              55.414626
            ],
            [
              -131.615566,
              55.414556
            ],
            [
              -131.615565,
              55.414516
            ],
            [
              -131.615665,
              55.414476
            ],
            [
              -131.615665,
              55.414426
            ],
            [
              -131.615625,
              55.414386
            ],
            [
              -131.615645,
              55.414326
            ],
            [
              -131.615666,
              55.414296
            ],
            [
              -131.615696,
              55.414256
            ],
            [
              -131.615886,
              55.414166
            ]
          ],
          [
            [
              -131.612026,
              55.420305
            ],
            [
              -131.612045,
              55.420285
            ],
            [
              -131.612045,
              55.420266
            ],
            [
              -131.612086,
              55.420245
            ],
            [
              -131.612065,
              55.420155
            ],
            [
              -131.612046,
              55.420135
            ],
            [
              -131.612045,
              55.420116
            ],
            [
              -131.612045,
              55.420095
            ],
            [
              -131.612105,
              55.420005
            ],
            [
              -131.612085,
              55.419985
            ],
            [
              -131.612086,
              55.419966
            ],
            [
              -131.612105,
              55.419966
            ],
            [
              -131.612105,
              55.41995
            ]
          ],
          [
            [
              -131.611675,
              55.422017
            ],
            [
              -131.611675,
              55.421985
            ],
            [
              -131.611485,
              55.422025
            ],
            [
              -131.611316,
              55.422135
            ],
            [
              -131.611174,
              55.42215
            ]
          ],
          [
            [
              -131.608455,
              55.425345
            ],
            [
              -131.608565,
              55.425265
            ],
            [
              -131.608586,
              55.425265
            ],
            [
              -131.608736,
              55.425155
            ],
            [
              -131.608931,
              55.425057
            ]
          ],
          [
            [
              -131.610939,
              55.424017
            ],
            [
              -131.610965,
              55.423995
            ],
            [
              -131.610965,
              55.423935
            ],
            [
              -131.610865,
              55.423975
            ],
            [
              -131.610925,
              55.423865
            ],
            [
              -131.610945,
              55.423825
            ],
            [
              -131.611145,
              55.423735
            ],
            [
              -131.611335,
              55.423675
            ],
            [
              -131.611505,
              55.423525
            ],
            [
              -131.611486,
              55.423435
            ],
            [
              -131.611575,
              55.423335
            ],
            [
              -131.611595,
              55.423265
            ],
            [
              -131.611916,
              55.423205
            ],
            [
              -131.611935,
              55.423185
            ],
            [
              -131.611916,
              55.423095
            ],
            [
              -131.611955,
              55.423055
            ],
            [
              -131.611996,
              55.422925
            ],
            [
              -131.611765,
              55.422905
            ],
            [
              -131.611636,
              55.422925
            ],
            [
              -131.611676,
              55.422755
            ],
            [
              -131.611695,
              55.422735
            ],
            [
              -131.611765,
              55.422585
            ],
            [
              -131.611766,
              55.422555
            ],
            [
              -131.611825,
              55.422455
            ],
            [
              -131.611876,
              55.422435
            ],
            [
              -131.611976,
              55.422405
            ],
            [
              -131.612146,
              55.422285
            ],
            [
              -131.612235,
              55.422215
            ],
            [
              -131.612256,
              55.422215
            ],
            [
              -131.612325,
              55.422195
            ],
            [
              -131.612515,
              55.422135
            ],
            [
              -131.612645,
              55.422025
            ],
            [
              -131.612495,
              55.422025
            ],
            [
              -131.612449,
              55.422032
            ]
          ]
        ]
      },
      "properties": {
        "id": "dude-mountain",
        "name": "Dude Mountain",
        "status": "existing",
        "corridorId": "north-tongass-coastal",
        "landManagers": [
          "USDA Forest Service"
        ],
        "lengthMi": 1.036,
        "elevationGainFt": 1800,
        "difficulty": "moderate",
        "surface": "native",
        "seasonality": "Snow-free May–October",
        "connectsTo": [],
        "summary": "Existing climb above the north highway. A built destination waiting on a coastal connection that does not require a car.",
        "whatItNeeds": null,
        "sourceRef": "usfs-nfs-trails",
        "updatedAt": "2026-08-28"
      }
    },
    {
      "type": "Feature",
      "id": "ella-lake",
      "geometry": {
        "type": "MultiLineString",
        "coordinates": [
          [
            [
              -131.014216,
              55.501352
            ],
            [
              -131.014252,
              55.501375
            ],
            [
              -131.014668,
              55.501579
            ]
          ],
          [
            [
              -131.035696,
              55.507943
            ],
            [
              -131.035812,
              55.508009
            ],
            [
              -131.036647,
              55.507929
            ],
            [
              -131.03731,
              55.507845
            ],
            [
              -131.037863,
              55.507735
            ]
          ],
          [
            [
              -131.008026,
              55.496993
            ],
            [
              -131.008746,
              55.497206
            ],
            [
              -131.009513,
              55.497458
            ],
            [
              -131.009776,
              55.497647
            ],
            [
              -131.009976,
              55.498097
            ],
            [
              -131.01009,
              55.498429
            ]
          ],
          [
            [
              -131.03437,
              55.505218
            ],
            [
              -131.034475,
              55.505231
            ],
            [
              -131.03497,
              55.505595
            ],
            [
              -131.034906,
              55.506041
            ]
          ],
          [
            [
              -131.010539,
              55.499213
            ],
            [
              -131.010847,
              55.499556
            ],
            [
              -131.011384,
              55.500054
            ]
          ],
          [
            [
              -131.011384,
              55.500054
            ],
            [
              -131.011628,
              55.50028
            ],
            [
              -131.011922,
              55.500432
            ]
          ],
          [
            [
              -131,
              55.49476
            ],
            [
              -131.000104,
              55.494738
            ],
            [
              -131.000808,
              55.494545
            ],
            [
              -131.001592,
              55.494562
            ],
            [
              -131.002129,
              55.494809
            ],
            [
              -131.002155,
              55.494829
            ]
          ],
          [
            [
              -131.011922,
              55.500432
            ],
            [
              -131.012207,
              55.500581
            ],
            [
              -131.012705,
              55.500732
            ],
            [
              -131.012844,
              55.50074
            ]
          ],
          [
            [
              -131.013455,
              55.500869
            ],
            [
              -131.014216,
              55.501352
            ]
          ],
          [
            [
              -131.027126,
              55.505471
            ],
            [
              -131.027283,
              55.505477
            ],
            [
              -131.027546,
              55.505451
            ],
            [
              -131.027866,
              55.505395
            ],
            [
              -131.028237,
              55.505424
            ],
            [
              -131.028829,
              55.505325
            ],
            [
              -131.029421,
              55.505259
            ],
            [
              -131.029582,
              55.505253
            ]
          ],
          [
            [
              -131.039121,
              55.507455
            ],
            [
              -131.039593,
              55.507345
            ],
            [
              -131.040123,
              55.507179
            ],
            [
              -131.04015,
              55.507048
            ]
          ],
          [
            [
              -131.016579,
              55.503821
            ],
            [
              -131.016934,
              55.504182
            ],
            [
              -131.017725,
              55.504769
            ],
            [
              -131.018622,
              55.505319
            ],
            [
              -131.019253,
              55.505706
            ],
            [
              -131.020498,
              55.505713
            ],
            [
              -131.021757,
              55.505524
            ],
            [
              -131.022902,
              55.505471
            ],
            [
              -131.024477,
              55.505721
            ],
            [
              -131.024551,
              55.50569
            ]
          ],
          [
            [
              -131.026161,
              55.505451
            ],
            [
              -131.02665,
              55.505453
            ],
            [
              -131.027126,
              55.505471
            ]
          ],
          [
            [
              -131.014818,
              55.501652
            ],
            [
              -131.015257,
              55.501868
            ],
            [
              -131.016187,
              55.502438
            ],
            [
              -131.016643,
              55.50286
            ],
            [
              -131.016646,
              55.503226
            ]
          ],
          [
            [
              -131.031409,
              55.505349
            ],
            [
              -131.032118,
              55.505298
            ],
            [
              -131.032992,
              55.50516
            ],
            [
              -131.033569,
              55.505159
            ]
          ],
          [
            [
              -131.03001,
              55.505237
            ],
            [
              -131.030428,
              55.505222
            ],
            [
              -131.030728,
              55.505292
            ]
          ],
          [
            [
              -131.002681,
              55.495259
            ],
            [
              -131.002871,
              55.495427
            ],
            [
              -131.003221,
              55.495531
            ]
          ],
          [
            [
              -131.016646,
              55.503226
            ],
            [
              -131.016647,
              55.503312
            ],
            [
              -131.016566,
              55.503511
            ]
          ],
          [
            [
              -131.024551,
              55.50569
            ],
            [
              -131.024738,
              55.505613
            ],
            [
              -131.02513,
              55.5056
            ],
            [
              -131.025485,
              55.505586
            ],
            [
              -131.025734,
              55.505497
            ],
            [
              -131.026073,
              55.505451
            ],
            [
              -131.026161,
              55.505451
            ]
          ],
          [
            [
              -131.016566,
              55.503511
            ],
            [
              -131.016481,
              55.503721
            ],
            [
              -131.016579,
              55.503821
            ]
          ],
          [
            [
              -131.002155,
              55.494829
            ],
            [
              -131.002479,
              55.495078
            ],
            [
              -131.002681,
              55.495259
            ]
          ],
          [
            [
              -131.033569,
              55.505159
            ],
            [
              -131.033892,
              55.505159
            ],
            [
              -131.03437,
              55.505218
            ]
          ],
          [
            [
              -131.01009,
              55.498429
            ],
            [
              -131.010246,
              55.498888
            ],
            [
              -131.010539,
              55.499213
            ]
          ],
          [
            [
              -131.034906,
              55.506041
            ],
            [
              -131.034903,
              55.506065
            ],
            [
              -131.034904,
              55.506575
            ],
            [
              -131.03493,
              55.507204
            ],
            [
              -131.035344,
              55.507743
            ],
            [
              -131.035627,
              55.507904
            ]
          ],
          [
            [
              -131.005958,
              55.496124
            ],
            [
              -131.006098,
              55.496127
            ],
            [
              -131.006548,
              55.496294
            ],
            [
              -131.0069,
              55.496537
            ]
          ],
          [
            [
              -131.003221,
              55.495531
            ],
            [
              -131.00373,
              55.495682
            ],
            [
              -131.004407,
              55.49588
            ],
            [
              -131.005136,
              55.496027
            ],
            [
              -131.005684,
              55.496118
            ],
            [
              -131.005958,
              55.496124
            ]
          ],
          [
            [
              -131.030728,
              55.505292
            ],
            [
              -131.031074,
              55.505373
            ],
            [
              -131.031409,
              55.505349
            ]
          ],
          [
            [
              -131.037863,
              55.507735
            ],
            [
              -131.038292,
              55.50765
            ],
            [
              -131.039121,
              55.507455
            ]
          ],
          [
            [
              -131.0069,
              55.496537
            ],
            [
              -131.007389,
              55.496809
            ],
            [
              -131.007887,
              55.496951
            ],
            [
              -131.008026,
              55.496993
            ]
          ]
        ]
      },
      "properties": {
        "id": "ella-lake",
        "name": "Ella Lake",
        "status": "existing",
        "corridorId": null,
        "landManagers": [
          "USDA Forest Service"
        ],
        "lengthMi": 2.122,
        "elevationGainFt": 80,
        "difficulty": "easy",
        "surface": "native",
        "seasonality": "Snow-free May–October",
        "connectsTo": [],
        "summary": "Existing USFS trail at Ella Lake.",
        "whatItNeeds": null,
        "sourceRef": "usfs-nfs-trails",
        "updatedAt": "2026-08-28"
      }
    },
    {
      "type": "Feature",
      "id": "frog-pond-trail",
      "geometry": {
        "type": "MultiLineString",
        "coordinates": [
          [
            [
              -131.699721,
              55.407929
            ],
            [
              -131.699768,
              55.407834
            ],
            [
              -131.699859,
              55.407641
            ],
            [
              -131.699984,
              55.407495
            ],
            [
              -131.700202,
              55.407224
            ],
            [
              -131.700265,
              55.407123
            ],
            [
              -131.700315,
              55.407077
            ],
            [
              -131.700365,
              55.407033
            ],
            [
              -131.700454,
              55.407002
            ],
            [
              -131.700654,
              55.406992
            ],
            [
              -131.70109,
              55.40697
            ],
            [
              -131.701235,
              55.406965
            ],
            [
              -131.701368,
              55.406992
            ],
            [
              -131.701828,
              55.407163
            ],
            [
              -131.70246,
              55.407401
            ],
            [
              -131.702638,
              55.407469
            ]
          ],
          [
            [
              -131.702638,
              55.407469
            ],
            [
              -131.702754,
              55.407514
            ],
            [
              -131.70303,
              55.407651
            ],
            [
              -131.703105,
              55.407679
            ],
            [
              -131.703206,
              55.407707
            ],
            [
              -131.703311,
              55.4077
            ],
            [
              -131.703425,
              55.407691
            ],
            [
              -131.703618,
              55.407652
            ],
            [
              -131.704254,
              55.407535
            ],
            [
              -131.704788,
              55.407438
            ]
          ]
        ]
      },
      "properties": {
        "id": "frog-pond-trail",
        "name": "Frog Pond",
        "status": "existing",
        "corridorId": null,
        "landManagers": [
          "USDA Forest Service"
        ],
        "lengthMi": 0.26,
        "elevationGainFt": 0,
        "difficulty": "easy",
        "surface": "native",
        "seasonality": "Snow-free May–October",
        "connectsTo": [
          "ward-lake-nature-trail"
        ],
        "summary": "Short existing USFS trail. Kept on the map because residents already use it.",
        "whatItNeeds": null,
        "sourceRef": "usfs-nfs-trails",
        "updatedAt": "2026-08-28"
      }
    },
    {
      "type": "Feature",
      "id": "gokachin-trail",
      "geometry": {
        "type": "MultiLineString",
        "coordinates": [
          [
            [
              -131.163203,
              55.390312
            ],
            [
              -131.163003,
              55.390353
            ],
            [
              -131.162921,
              55.390351
            ],
            [
              -131.162589,
              55.390391
            ],
            [
              -131.162425,
              55.390388
            ],
            [
              -131.162009,
              55.390426
            ],
            [
              -131.161679,
              55.390419
            ],
            [
              -131.16143,
              55.390461
            ],
            [
              -131.161182,
              55.390456
            ],
            [
              -131.160931,
              55.390498
            ],
            [
              -131.160599,
              55.390538
            ],
            [
              -131.160516,
              55.390536
            ],
            [
              -131.160352,
              55.390533
            ],
            [
              -131.160184,
              55.390576
            ],
            [
              -131.160102,
              55.390574
            ],
            [
              -131.160016,
              55.39062
            ],
            [
              -131.159852,
              55.390616
            ],
            [
              -131.159601,
              55.390658
            ],
            [
              -131.159519,
              55.390657
            ],
            [
              -131.159437,
              55.390655
            ],
            [
              -131.159354,
              55.390653
            ],
            [
              -131.159272,
              55.390651
            ],
            [
              -131.159107,
              55.390648
            ],
            [
              -131.15886,
              55.390643
            ],
            [
              -131.158612,
              55.390638
            ],
            [
              -131.158445,
              55.390681
            ],
            [
              -131.158363,
              55.39068
            ],
            [
              -131.158115,
              55.390674
            ],
            [
              -131.157868,
              55.390669
            ],
            [
              -131.157786,
              55.390668
            ],
            [
              -131.157703,
              55.390666
            ],
            [
              -131.157538,
              55.390663
            ],
            [
              -131.157374,
              55.390659
            ],
            [
              -131.157045,
              55.390652
            ],
            [
              -131.156962,
              55.390651
            ],
            [
              -131.156717,
              55.390599
            ],
            [
              -131.156308,
              55.390543
            ],
            [
              -131.156229,
              55.390494
            ],
            [
              -131.155985,
              55.390442
            ],
            [
              -131.155661,
              55.390342
            ],
            [
              -131.155581,
              55.390293
            ],
            [
              -131.15542,
              55.390243
            ],
            [
              -131.155261,
              55.390146
            ],
            [
              -131.154938,
              55.390045
            ],
            [
              -131.154699,
              55.389899
            ],
            [
              -131.154538,
              55.389849
            ],
            [
              -131.154458,
              55.3898
            ],
            [
              -131.154299,
              55.389703
            ],
            [
              -131.15422,
              55.389654
            ],
            [
              -131.154137,
              55.389653
            ],
            [
              -131.154058,
              55.389604
            ],
            [
              -131.153982,
              55.389508
            ],
            [
              -131.153899,
              55.389507
            ],
            [
              -131.153902,
              55.38946
            ],
            [
              -131.153823,
              55.389411
            ],
            [
              -131.153743,
              55.389363
            ],
            [
              -131.153585,
              55.389266
            ],
            [
              -131.153505,
              55.389217
            ],
            [
              -131.153349,
              55.389073
            ],
            [
              -131.153273,
              55.388977
            ],
            [
              -131.153193,
              55.388929
            ],
            [
              -131.153196,
              55.388882
            ],
            [
              -131.153035,
              55.388832
            ],
            [
              -131.153038,
              55.388784
            ],
            [
              -131.152955,
              55.388783
            ],
            [
              -131.152876,
              55.388734
            ],
            [
              -131.152796,
              55.388686
            ],
            [
              -131.152718,
              55.388637
            ],
            [
              -131.152638,
              55.388588
            ],
            [
              -131.152559,
              55.38854
            ],
            [
              -131.15232,
              55.388394
            ],
            [
              -131.152238,
              55.388392
            ],
            [
              -131.152156,
              55.38839
            ],
            [
              -131.151914,
              55.388292
            ],
            [
              -131.151836,
              55.388243
            ],
            [
              -131.151432,
              55.388094
            ],
            [
              -131.15135,
              55.388092
            ],
            [
              -131.151191,
              55.387995
            ],
            [
              -131.150949,
              55.387896
            ],
            [
              -131.150871,
              55.387847
            ],
            [
              -131.150709,
              55.387797
            ],
            [
              -131.150385,
              55.387696
            ],
            [
              -131.150141,
              55.387644
            ],
            [
              -131.150058,
              55.387642
            ],
            [
              -131.149817,
              55.387544
            ],
            [
              -131.149652,
              55.38754
            ],
            [
              -131.149573,
              55.387492
            ],
            [
              -131.149161,
              55.387483
            ],
            [
              -131.149,
              55.387433
            ],
            [
              -131.148834,
              55.387429
            ],
            [
              -131.148591,
              55.387377
            ],
            [
              -131.148429,
              55.387327
            ],
            [
              -131.148184,
              55.387275
            ],
            [
              -131.14802,
              55.387271
            ],
            [
              -131.14794,
              55.387223
            ],
            [
              -131.147775,
              55.387219
            ],
            [
              -131.147611,
              55.387216
            ],
            [
              -131.147363,
              55.387211
            ],
            [
              -131.147281,
              55.387209
            ],
            [
              -131.147199,
              55.387207
            ],
            [
              -131.147034,
              55.387204
            ],
            [
              -131.146951,
              55.387202
            ]
          ],
          [
            [
              -131.191948,
              55.389303
            ],
            [
              -131.191865,
              55.389301
            ],
            [
              -131.191784,
              55.3893
            ],
            [
              -131.191615,
              55.389343
            ],
            [
              -131.191447,
              55.389387
            ],
            [
              -131.191363,
              55.389432
            ],
            [
              -131.19128,
              55.38943
            ],
            [
              -131.191198,
              55.389429
            ],
            [
              -131.191115,
              55.389427
            ],
            [
              -131.191029,
              55.389472
            ],
            [
              -131.190947,
              55.38947
            ],
            [
              -131.190862,
              55.389516
            ],
            [
              -131.19078,
              55.389514
            ],
            [
              -131.190697,
              55.389512
            ],
            [
              -131.190615,
              55.389511
            ],
            [
              -131.190532,
              55.389509
            ]
          ],
          [
            [
              -131.187831,
              55.389172
            ],
            [
              -131.187752,
              55.389123
            ],
            [
              -131.187672,
              55.389075
            ],
            [
              -131.187349,
              55.388974
            ],
            [
              -131.187269,
              55.388926
            ],
            [
              -131.187107,
              55.388876
            ],
            [
              -131.187025,
              55.388874
            ],
            [
              -131.187028,
              55.388827
            ],
            [
              -131.186995,
              55.388826
            ]
          ],
          [
            [
              -131.168044,
              55.388954
            ],
            [
              -131.167876,
              55.388997
            ],
            [
              -131.16779,
              55.389042
            ],
            [
              -131.167704,
              55.389088
            ],
            [
              -131.167623,
              55.389086
            ],
            [
              -131.167562,
              55.389102
            ]
          ],
          [
            [
              -131.181252,
              55.386674
            ],
            [
              -131.181143,
              55.38664
            ],
            [
              -131.18106,
              55.386638
            ],
            [
              -131.180979,
              55.386636
            ],
            [
              -131.180899,
              55.386588
            ],
            [
              -131.180655,
              55.386536
            ],
            [
              -131.180575,
              55.386487
            ],
            [
              -131.180492,
              55.386486
            ],
            [
              -131.180411,
              55.386484
            ],
            [
              -131.180249,
              55.386434
            ],
            [
              -131.180166,
              55.386432
            ],
            [
              -131.179922,
              55.38638
            ],
            [
              -131.17976,
              55.38633
            ],
            [
              -131.179517,
              55.386278
            ],
            [
              -131.179434,
              55.386276
            ],
            [
              -131.179409,
              55.38626
            ]
          ],
          [
            [
              -131.196185,
              55.38939
            ],
            [
              -131.196151,
              55.389389
            ],
            [
              -131.196068,
              55.389387
            ],
            [
              -131.195986,
              55.389386
            ],
            [
              -131.195903,
              55.389384
            ],
            [
              -131.195821,
              55.389382
            ],
            [
              -131.195738,
              55.38938
            ],
            [
              -131.195656,
              55.389379
            ],
            [
              -131.195574,
              55.389377
            ],
            [
              -131.195491,
              55.389375
            ],
            [
              -131.195409,
              55.389374
            ],
            [
              -131.195326,
              55.389372
            ]
          ],
          [
            [
              -131.198171,
              55.390056
            ],
            [
              -131.198175,
              55.389993
            ],
            [
              -131.198178,
              55.389947
            ],
            [
              -131.198184,
              55.389853
            ],
            [
              -131.198187,
              55.389806
            ],
            [
              -131.198104,
              55.389804
            ],
            [
              -131.198022,
              55.389803
            ],
            [
              -131.197939,
              55.389801
            ],
            [
              -131.197858,
              55.389799
            ],
            [
              -131.197775,
              55.389798
            ],
            [
              -131.197693,
              55.389796
            ],
            [
              -131.19761,
              55.389794
            ],
            [
              -131.197527,
              55.389793
            ],
            [
              -131.197445,
              55.389791
            ],
            [
              -131.197365,
              55.389742
            ],
            [
              -131.197284,
              55.389741
            ],
            [
              -131.197204,
              55.389692
            ],
            [
              -131.197207,
              55.389645
            ],
            [
              -131.197128,
              55.389596
            ],
            [
              -131.197048,
              55.389548
            ],
            [
              -131.196965,
              55.389546
            ],
            [
              -131.196968,
              55.389499
            ],
            [
              -131.196886,
              55.389498
            ],
            [
              -131.196803,
              55.389496
            ],
            [
              -131.196806,
              55.389449
            ],
            [
              -131.196725,
              55.389447
            ],
            [
              -131.196642,
              55.389446
            ],
            [
              -131.19656,
              55.389444
            ],
            [
              -131.196563,
              55.389397
            ],
            [
              -131.19648,
              55.389396
            ],
            [
              -131.196397,
              55.389394
            ],
            [
              -131.196315,
              55.389392
            ],
            [
              -131.196232,
              55.389391
            ],
            [
              -131.196185,
              55.38939
            ]
          ],
          [
            [
              -131.164929,
              55.389923
            ],
            [
              -131.164679,
              55.389965
            ],
            [
              -131.164596,
              55.389963
            ],
            [
              -131.164347,
              55.390005
            ],
            [
              -131.164093,
              55.390094
            ],
            [
              -131.163922,
              55.390184
            ],
            [
              -131.163421,
              55.390267
            ],
            [
              -131.163203,
              55.390312
            ]
          ],
          [
            [
              -131.167562,
              55.389102
            ],
            [
              -131.167455,
              55.38913
            ],
            [
              -131.167287,
              55.389173
            ],
            [
              -131.167198,
              55.389265
            ],
            [
              -131.166945,
              55.389354
            ],
            [
              -131.166777,
              55.389397
            ],
            [
              -131.166607,
              55.389488
            ],
            [
              -131.166521,
              55.389533
            ],
            [
              -131.166186,
              55.38962
            ],
            [
              -131.16585,
              55.389707
            ],
            [
              -131.165683,
              55.38975
            ],
            [
              -131.165429,
              55.389839
            ],
            [
              -131.165265,
              55.389836
            ],
            [
              -131.165179,
              55.389881
            ],
            [
              -131.165014,
              55.389878
            ],
            [
              -131.16497,
              55.389901
            ]
          ],
          [
            [
              -131.186995,
              55.388826
            ],
            [
              -131.186862,
              55.388823
            ],
            [
              -131.186625,
              55.388678
            ],
            [
              -131.186542,
              55.388676
            ],
            [
              -131.18638,
              55.388626
            ],
            [
              -131.1863,
              55.388577
            ],
            [
              -131.186139,
              55.388527
            ],
            [
              -131.186142,
              55.38848
            ],
            [
              -131.18598,
              55.38843
            ],
            [
              -131.185898,
              55.388428
            ],
            [
              -131.185818,
              55.388379
            ],
            [
              -131.185741,
              55.388284
            ],
            [
              -131.185696,
              55.388256
            ]
          ],
          [
            [
              -131.179409,
              55.38626
            ],
            [
              -131.179355,
              55.386227
            ],
            [
              -131.179272,
              55.386226
            ],
            [
              -131.179189,
              55.386224
            ],
            [
              -131.179024,
              55.386221
            ],
            [
              -131.17886,
              55.386217
            ],
            [
              -131.178695,
              55.386214
            ],
            [
              -131.178612,
              55.386212
            ],
            [
              -131.178366,
              55.386207
            ],
            [
              -131.178118,
              55.386202
            ],
            [
              -131.177951,
              55.386245
            ],
            [
              -131.177783,
              55.386289
            ],
            [
              -131.177616,
              55.386333
            ],
            [
              -131.177533,
              55.386331
            ],
            [
              -131.177447,
              55.386376
            ],
            [
              -131.177365,
              55.386375
            ],
            [
              -131.177282,
              55.386373
            ],
            [
              -131.177115,
              55.386416
            ],
            [
              -131.177033,
              55.386415
            ],
            [
              -131.17695,
              55.386413
            ],
            [
              -131.176867,
              55.386411
            ],
            [
              -131.176785,
              55.38641
            ],
            [
              -131.176702,
              55.386408
            ],
            [
              -131.176621,
              55.386406
            ],
            [
              -131.176535,
              55.386451
            ],
            [
              -131.176367,
              55.386495
            ],
            [
              -131.176197,
              55.386585
            ],
            [
              -131.176194,
              55.386632
            ],
            [
              -131.176111,
              55.386631
            ],
            [
              -131.176029,
              55.386629
            ],
            [
              -131.175943,
              55.386674
            ],
            [
              -131.175696,
              55.386669
            ],
            [
              -131.175614,
              55.386667
            ],
            [
              -131.175531,
              55.386666
            ],
            [
              -131.175449,
              55.386664
            ],
            [
              -131.175366,
              55.386662
            ],
            [
              -131.175282,
              55.386707
            ],
            [
              -131.175199,
              55.386706
            ],
            [
              -131.175034,
              55.386702
            ],
            [
              -131.174784,
              55.386744
            ],
            [
              -131.174616,
              55.386788
            ],
            [
              -131.174284,
              55.386828
            ],
            [
              -131.173952,
              55.386868
            ],
            [
              -131.173701,
              55.38691
            ],
            [
              -131.173534,
              55.386953
            ],
            [
              -131.173369,
              55.38695
            ],
            [
              -131.1732,
              55.386993
            ],
            [
              -131.173115,
              55.387039
            ],
            [
              -131.172862,
              55.387127
            ],
            [
              -131.172608,
              55.387216
            ],
            [
              -131.172353,
              55.387352
            ],
            [
              -131.172183,
              55.387442
            ],
            [
              -131.172097,
              55.387487
            ],
            [
              -131.171926,
              55.387578
            ],
            [
              -131.17184,
              55.387623
            ],
            [
              -131.17167,
              55.387713
            ],
            [
              -131.171502,
              55.387757
            ],
            [
              -131.171419,
              55.387755
            ],
            [
              -131.171084,
              55.387842
            ],
            [
              -131.17083,
              55.387931
            ],
            [
              -131.170492,
              55.388065
            ],
            [
              -131.170368,
              55.388104
            ]
          ],
          [
            [
              -131.18242,
              55.387012
            ],
            [
              -131.182196,
              55.386943
            ],
            [
              -131.182117,
              55.386895
            ],
            [
              -131.181873,
              55.386843
            ],
            [
              -131.181791,
              55.386841
            ],
            [
              -131.181711,
              55.386792
            ],
            [
              -131.181628,
              55.386791
            ],
            [
              -131.181466,
              55.386741
            ],
            [
              -131.181388,
              55.386692
            ],
            [
              -131.181305,
              55.38669
            ],
            [
              -131.181252,
              55.386674
            ]
          ],
          [
            [
              -131.190532,
              55.389509
            ],
            [
              -131.190368,
              55.389505
            ],
            [
              -131.190285,
              55.389504
            ],
            [
              -131.190038,
              55.389499
            ],
            [
              -131.189984,
              55.389498
            ]
          ],
          [
            [
              -131.185401,
              55.388154
            ],
            [
              -131.185339,
              55.388135
            ],
            [
              -131.185098,
              55.388036
            ],
            [
              -131.185018,
              55.387987
            ],
            [
              -131.184777,
              55.387888
            ],
            [
              -131.184697,
              55.38784
            ],
            [
              -131.184616,
              55.387838
            ],
            [
              -131.184536,
              55.38779
            ],
            [
              -131.184377,
              55.387692
            ],
            [
              -131.184294,
              55.387691
            ],
            [
              -131.184215,
              55.387642
            ],
            [
              -131.184135,
              55.387593
            ],
            [
              -131.184054,
              55.387592
            ],
            [
              -131.183974,
              55.387543
            ],
            [
              -131.183977,
              55.387496
            ],
            [
              -131.183894,
              55.387495
            ],
            [
              -131.183815,
              55.387446
            ],
            [
              -131.183732,
              55.387444
            ],
            [
              -131.18357,
              55.387394
            ],
            [
              -131.183412,
              55.387297
            ],
            [
              -131.183329,
              55.387295
            ],
            [
              -131.183167,
              55.387245
            ],
            [
              -131.183088,
              55.387196
            ],
            [
              -131.182764,
              55.387096
            ],
            [
              -131.182588,
              55.387058
            ]
          ],
          [
            [
              -131.189984,
              55.389498
            ],
            [
              -131.189955,
              55.389497
            ],
            [
              -131.189874,
              55.389495
            ],
            [
              -131.189791,
              55.389494
            ],
            [
              -131.189626,
              55.38949
            ],
            [
              -131.189543,
              55.389489
            ],
            [
              -131.189462,
              55.389487
            ],
            [
              -131.189379,
              55.389485
            ],
            [
              -131.189297,
              55.389484
            ],
            [
              -131.189214,
              55.389482
            ],
            [
              -131.189131,
              55.38948
            ],
            [
              -131.189049,
              55.389479
            ],
            [
              -131.188966,
              55.389477
            ],
            [
              -131.188802,
              55.389474
            ],
            [
              -131.188557,
              55.389422
            ],
            [
              -131.188476,
              55.38942
            ],
            [
              -131.188393,
              55.389418
            ],
            [
              -131.188314,
              55.38937
            ],
            [
              -131.188231,
              55.389368
            ],
            [
              -131.188069,
              55.389318
            ],
            [
              -131.187989,
              55.389269
            ],
            [
              -131.187911,
              55.389221
            ],
            [
              -131.187828,
              55.389219
            ],
            [
              -131.187831,
              55.389172
            ]
          ],
          [
            [
              -131.170368,
              55.388104
            ],
            [
              -131.170071,
              55.388197
            ],
            [
              -131.169819,
              55.388286
            ],
            [
              -131.169647,
              55.388376
            ],
            [
              -131.169562,
              55.388421
            ],
            [
              -131.169392,
              55.388512
            ],
            [
              -131.169221,
              55.388602
            ],
            [
              -131.168888,
              55.388642
            ],
            [
              -131.1688,
              55.388734
            ],
            [
              -131.16855,
              55.388776
            ],
            [
              -131.168214,
              55.388863
            ],
            [
              -131.168076,
              55.388937
            ]
          ],
          [
            [
              -131.194369,
              55.389322
            ],
            [
              -131.19434,
              55.389305
            ],
            [
              -131.194259,
              55.389303
            ],
            [
              -131.194176,
              55.389301
            ],
            [
              -131.194097,
              55.389253
            ],
            [
              -131.194014,
              55.389251
            ],
            [
              -131.193931,
              55.389249
            ],
            [
              -131.193849,
              55.389248
            ],
            [
              -131.193766,
              55.389246
            ],
            [
              -131.193685,
              55.389244
            ],
            [
              -131.19352,
              55.389241
            ],
            [
              -131.193437,
              55.389239
            ],
            [
              -131.193354,
              55.389238
            ],
            [
              -131.193272,
              55.389236
            ],
            [
              -131.19319,
              55.389234
            ],
            [
              -131.193108,
              55.389233
            ],
            [
              -131.193025,
              55.389231
            ],
            [
              -131.19294,
              55.389276
            ],
            [
              -131.192857,
              55.389274
            ],
            [
              -131.192774,
              55.389273
            ],
            [
              -131.19269,
              55.389318
            ],
            [
              -131.192607,
              55.389317
            ],
            [
              -131.192525,
              55.389315
            ],
            [
              -131.192442,
              55.389313
            ],
            [
              -131.19236,
              55.389312
            ]
          ],
          [
            [
              -131.195326,
              55.389372
            ],
            [
              -131.195245,
              55.38937
            ],
            [
              -131.195162,
              55.389369
            ],
            [
              -131.195079,
              55.389367
            ],
            [
              -131.194997,
              55.389365
            ],
            [
              -131.194914,
              55.389364
            ],
            [
              -131.194832,
              55.389362
            ],
            [
              -131.194668,
              55.389359
            ],
            [
              -131.194585,
              55.389357
            ],
            [
              -131.194502,
              55.389355
            ],
            [
              -131.19442,
              55.389354
            ],
            [
              -131.194369,
              55.389322
            ]
          ]
        ]
      },
      "properties": {
        "id": "gokachin-trail",
        "name": "Gokachin",
        "status": "existing",
        "corridorId": null,
        "landManagers": [
          "USDA Forest Service"
        ],
        "lengthMi": 2.295,
        "elevationGainFt": 70,
        "difficulty": "easy",
        "surface": "native",
        "seasonality": "Snow-free May–October",
        "connectsTo": [
          "low-lake-big-lake"
        ],
        "summary": "Existing USFS trail on the island network inventory.",
        "whatItNeeds": null,
        "sourceRef": "usfs-nfs-trails",
        "updatedAt": "2026-08-28"
      }
    },
    {
      "type": "Feature",
      "id": "low-lake-big-lake",
      "geometry": {
        "type": "MultiLineString",
        "coordinates": [
          [
            [
              -131.197769,
              55.391211
            ],
            [
              -131.197522,
              55.391237
            ],
            [
              -131.197236,
              55.391231
            ],
            [
              -131.196976,
              55.391226
            ],
            [
              -131.196632,
              55.391281
            ],
            [
              -131.196369,
              55.391337
            ],
            [
              -131.196091,
              55.39141
            ],
            [
              -131.19585,
              55.391545
            ],
            [
              -131.195753,
              55.391791
            ],
            [
              -131.19577,
              55.391955
            ],
            [
              -131.195777,
              55.391976
            ]
          ],
          [
            [
              -131.201412,
              55.416359
            ],
            [
              -131.201444,
              55.416553
            ],
            [
              -131.201723,
              55.416703
            ],
            [
              -131.202457,
              55.418323
            ]
          ],
          [
            [
              -131.200667,
              55.41468
            ],
            [
              -131.200865,
              55.415019
            ]
          ],
          [
            [
              -131.200394,
              55.398853
            ],
            [
              -131.200556,
              55.398992
            ],
            [
              -131.200546,
              55.399138
            ]
          ],
          [
            [
              -131.195777,
              55.391976
            ],
            [
              -131.195823,
              55.392111
            ],
            [
              -131.19597,
              55.392647
            ],
            [
              -131.19636,
              55.39316
            ],
            [
              -131.196472,
              55.393403
            ],
            [
              -131.196457,
              55.393643
            ],
            [
              -131.196443,
              55.393859
            ],
            [
              -131.196523,
              55.393933
            ],
            [
              -131.196514,
              55.394044
            ],
            [
              -131.197483,
              55.394844
            ],
            [
              -131.198104,
              55.395704
            ],
            [
              -131.198144,
              55.396024
            ],
            [
              -131.198363,
              55.396254
            ],
            [
              -131.198723,
              55.396514
            ],
            [
              -131.198813,
              55.396554
            ],
            [
              -131.198893,
              55.396644
            ],
            [
              -131.199133,
              55.396814
            ],
            [
              -131.199303,
              55.397094
            ],
            [
              -131.199473,
              55.397334
            ],
            [
              -131.199516,
              55.397373
            ]
          ],
          [
            [
              -131.200546,
              55.399138
            ],
            [
              -131.200545,
              55.39916
            ],
            [
              -131.20066,
              55.399354
            ],
            [
              -131.200684,
              55.399643
            ],
            [
              -131.200675,
              55.399787
            ],
            [
              -131.200665,
              55.399956
            ],
            [
              -131.200659,
              55.400052
            ],
            [
              -131.200651,
              55.400172
            ],
            [
              -131.200613,
              55.400244
            ],
            [
              -131.200613,
              55.401454
            ],
            [
              -131.199963,
              55.402004
            ],
            [
              -131.200094,
              55.402178
            ]
          ],
          [
            [
              -131.201362,
              55.416046
            ],
            [
              -131.201412,
              55.416359
            ]
          ],
          [
            [
              -131.202457,
              55.418323
            ],
            [
              -131.202759,
              55.418988
            ]
          ],
          [
            [
              -131.20002,
              55.398115
            ],
            [
              -131.200204,
              55.398528
            ],
            [
              -131.20032,
              55.398723
            ],
            [
              -131.200327,
              55.398742
            ]
          ],
          [
            [
              -131.200582,
              55.402451
            ],
            [
              -131.200483,
              55.402604
            ],
            [
              -131.200393,
              55.402694
            ],
            [
              -131.200314,
              55.402784
            ],
            [
              -131.200314,
              55.402851
            ]
          ],
          [
            [
              -131.199723,
              55.397559
            ],
            [
              -131.199773,
              55.397604
            ],
            [
              -131.20002,
              55.398115
            ]
          ],
          [
            [
              -131.199355,
              55.4117
            ],
            [
              -131.199384,
              55.411833
            ],
            [
              -131.199214,
              55.412073
            ],
            [
              -131.199003,
              55.412244
            ],
            [
              -131.199244,
              55.412424
            ]
          ],
          [
            [
              -131.200694,
              55.410073
            ],
            [
              -131.200634,
              55.410313
            ],
            [
              -131.200518,
              55.410417
            ]
          ],
          [
            [
              -131.200314,
              55.402851
            ],
            [
              -131.200313,
              55.403064
            ],
            [
              -131.200253,
              55.403213
            ]
          ],
          [
            [
              -131.199248,
              55.404484
            ],
            [
              -131.199483,
              55.404773
            ]
          ],
          [
            [
              -131.199483,
              55.404773
            ],
            [
              -131.200084,
              55.40551
            ]
          ],
          [
            [
              -131.200813,
              55.413729
            ],
            [
              -131.200874,
              55.413933
            ],
            [
              -131.200861,
              55.414021
            ]
          ],
          [
            [
              -131.199841,
              55.413181
            ],
            [
              -131.200284,
              55.413357
            ]
          ],
          [
            [
              -131.199593,
              55.404179
            ],
            [
              -131.199394,
              55.404284
            ],
            [
              -131.199283,
              55.404344
            ],
            [
              -131.199174,
              55.404394
            ],
            [
              -131.199248,
              55.404484
            ]
          ],
          [
            [
              -131.200187,
              55.405637
            ],
            [
              -131.200573,
              55.406111
            ]
          ],
          [
            [
              -131.199397,
              55.411088
            ],
            [
              -131.199233,
              55.411474
            ],
            [
              -131.199276,
              55.411541
            ]
          ],
          [
            [
              -131.201044,
              55.409179
            ],
            [
              -131.201064,
              55.409414
            ],
            [
              -131.200874,
              55.409773
            ],
            [
              -131.20083,
              55.409846
            ]
          ],
          [
            [
              -131.199828,
              55.410801
            ],
            [
              -131.199454,
              55.410953
            ],
            [
              -131.199397,
              55.411088
            ]
          ],
          [
            [
              -131.200754,
              55.406366
            ],
            [
              -131.200933,
              55.406664
            ],
            [
              -131.201144,
              55.406854
            ],
            [
              -131.201173,
              55.406924
            ],
            [
              -131.201254,
              55.406964
            ],
            [
              -131.201265,
              55.40701
            ]
          ],
          [
            [
              -131.20146,
              55.408011
            ],
            [
              -131.201465,
              55.408084
            ],
            [
              -131.201423,
              55.40837
            ],
            [
              -131.201161,
              55.40872
            ],
            [
              -131.201108,
              55.408803
            ]
          ],
          [
            [
              -131.199244,
              55.412424
            ],
            [
              -131.199284,
              55.412453
            ],
            [
              -131.199303,
              55.412523
            ],
            [
              -131.199494,
              55.413033
            ],
            [
              -131.199656,
              55.413102
            ]
          ],
          [
            [
              -131.200566,
              55.414391
            ],
            [
              -131.200523,
              55.414433
            ],
            [
              -131.200667,
              55.41468
            ]
          ],
          [
            [
              -131.200239,
              55.403249
            ],
            [
              -131.199964,
              55.403934
            ],
            [
              -131.199794,
              55.403874
            ],
            [
              -131.199754,
              55.403999
            ]
          ],
          [
            [
              -131.202759,
              55.418988
            ],
            [
              -131.202883,
              55.419263
            ],
            [
              -131.202717,
              55.419429
            ]
          ],
          [
            [
              -131.200406,
              55.410506
            ],
            [
              -131.200094,
              55.410693
            ],
            [
              -131.199828,
              55.410801
            ]
          ]
        ]
      },
      "properties": {
        "id": "low-lake-big-lake",
        "name": "Low Lake / Big Lake",
        "status": "existing",
        "corridorId": null,
        "landManagers": [
          "USDA Forest Service"
        ],
        "lengthMi": 1.825,
        "elevationGainFt": 50,
        "difficulty": "moderate",
        "surface": "native",
        "seasonality": "Snow-free May–October",
        "connectsTo": [
          "gokachin-trail"
        ],
        "summary": "Existing USFS trail between Low Lake and Big Lake.",
        "whatItNeeds": null,
        "sourceRef": "usfs-nfs-trails",
        "updatedAt": "2026-08-28"
      }
    },
    {
      "type": "Feature",
      "id": "lunch-creek",
      "geometry": {
        "type": "MultiLineString",
        "coordinates": [
          [
            [
              -131.679676,
              55.483512
            ],
            [
              -131.679578,
              55.483574
            ],
            [
              -131.679427,
              55.483645
            ],
            [
              -131.679244,
              55.483686
            ],
            [
              -131.679031,
              55.48381
            ]
          ],
          [
            [
              -131.707022,
              55.498175
            ],
            [
              -131.707142,
              55.49814
            ],
            [
              -131.707157,
              55.498008
            ],
            [
              -131.707217,
              55.497847
            ]
          ],
          [
            [
              -131.69097,
              55.48515
            ],
            [
              -131.690985,
              55.485083
            ],
            [
              -131.691064,
              55.484903
            ],
            [
              -131.691153,
              55.484674
            ],
            [
              -131.6912,
              55.484587
            ],
            [
              -131.691199,
              55.484445
            ],
            [
              -131.69134,
              55.484212
            ],
            [
              -131.69138,
              55.484105
            ],
            [
              -131.691535,
              55.483946
            ],
            [
              -131.691636,
              55.48383
            ],
            [
              -131.691548,
              55.483676
            ],
            [
              -131.691451,
              55.483552
            ],
            [
              -131.691382,
              55.483389
            ],
            [
              -131.69132,
              55.483246
            ],
            [
              -131.691126,
              55.483155
            ],
            [
              -131.690958,
              55.483054
            ],
            [
              -131.690751,
              55.482894
            ],
            [
              -131.690637,
              55.482765
            ],
            [
              -131.69024,
              55.482763
            ],
            [
              -131.690078,
              55.482726
            ],
            [
              -131.690076,
              55.482589
            ],
            [
              -131.690289,
              55.482465
            ],
            [
              -131.690495,
              55.482321
            ],
            [
              -131.690604,
              55.48222
            ],
            [
              -131.690697,
              55.48207
            ],
            [
              -131.690496,
              55.481959
            ],
            [
              -131.690304,
              55.481828
            ],
            [
              -131.690011,
              55.481814
            ],
            [
              -131.689931,
              55.481705
            ]
          ],
          [
            [
              -131.685407,
              55.482116
            ],
            [
              -131.685454,
              55.482224
            ],
            [
              -131.685347,
              55.482281
            ],
            [
              -131.685326,
              55.482526
            ],
            [
              -131.685458,
              55.482656
            ],
            [
              -131.685464,
              55.482671
            ]
          ],
          [
            [
              -131.715005,
              55.507155
            ],
            [
              -131.714932,
              55.507154
            ],
            [
              -131.714753,
              55.507108
            ],
            [
              -131.714634,
              55.507072
            ],
            [
              -131.714357,
              55.507012
            ],
            [
              -131.714306,
              55.506988
            ]
          ],
          [
            [
              -131.713888,
              55.506852
            ],
            [
              -131.713814,
              55.506836
            ],
            [
              -131.713674,
              55.506769
            ],
            [
              -131.713627,
              55.506657
            ],
            [
              -131.713618,
              55.506617
            ]
          ],
          [
            [
              -131.685055,
              55.48055
            ],
            [
              -131.685037,
              55.480571
            ],
            [
              -131.6849,
              55.480544
            ],
            [
              -131.684837,
              55.480421
            ],
            [
              -131.684863,
              55.480255
            ],
            [
              -131.684742,
              55.480253
            ],
            [
              -131.684599,
              55.480363
            ],
            [
              -131.684411,
              55.480482
            ],
            [
              -131.684313,
              55.480549
            ],
            [
              -131.684435,
              55.480694
            ],
            [
              -131.684515,
              55.480817
            ],
            [
              -131.684662,
              55.480991
            ],
            [
              -131.684839,
              55.481063
            ],
            [
              -131.684981,
              55.481158
            ],
            [
              -131.685086,
              55.481307
            ],
            [
              -131.685081,
              55.48141
            ],
            [
              -131.68505,
              55.481497
            ],
            [
              -131.685016,
              55.481668
            ],
            [
              -131.685145,
              55.481842
            ],
            [
              -131.685276,
              55.481981
            ],
            [
              -131.685407,
              55.482116
            ]
          ],
          [
            [
              -131.690917,
              55.485602
            ],
            [
              -131.690886,
              55.485508
            ],
            [
              -131.690884,
              55.485381
            ],
            [
              -131.690952,
              55.48523
            ],
            [
              -131.69097,
              55.48515
            ]
          ],
          [
            [
              -131.679031,
              55.48381
            ],
            [
              -131.678803,
              55.483875
            ],
            [
              -131.678593,
              55.48393
            ],
            [
              -131.678566,
              55.484017
            ]
          ],
          [
            [
              -131.698047,
              55.49356
            ],
            [
              -131.697934,
              55.49363
            ],
            [
              -131.697883,
              55.493776
            ],
            [
              -131.697809,
              55.493883
            ],
            [
              -131.697718,
              55.493974
            ],
            [
              -131.697718,
              55.493991
            ]
          ],
          [
            [
              -131.693685,
              55.49337
            ],
            [
              -131.693641,
              55.493349
            ],
            [
              -131.693463,
              55.493283
            ],
            [
              -131.693347,
              55.493188
            ],
            [
              -131.693104,
              55.493032
            ],
            [
              -131.692981,
              55.492903
            ],
            [
              -131.692847,
              55.492839
            ]
          ],
          [
            [
              -131.675587,
              55.486486
            ],
            [
              -131.675443,
              55.486486
            ],
            [
              -131.675352,
              55.486562
            ],
            [
              -131.675323,
              55.486621
            ],
            [
              -131.675189,
              55.486722
            ]
          ],
          [
            [
              -131.700395,
              55.494179
            ],
            [
              -131.700369,
              55.49412
            ],
            [
              -131.700291,
              55.493947
            ],
            [
              -131.70006,
              55.493909
            ],
            [
              -131.699773,
              55.493782
            ],
            [
              -131.699745,
              55.493777
            ]
          ],
          [
            [
              -131.688718,
              55.480802
            ],
            [
              -131.688571,
              55.480786
            ],
            [
              -131.688424,
              55.480788
            ],
            [
              -131.687998,
              55.480755
            ]
          ],
          [
            [
              -131.706901,
              55.497254
            ],
            [
              -131.706696,
              55.49704
            ],
            [
              -131.706618,
              55.496872
            ],
            [
              -131.706534,
              55.496727
            ]
          ],
          [
            [
              -131.707458,
              55.501473
            ],
            [
              -131.707455,
              55.501375
            ],
            [
              -131.707527,
              55.501317
            ],
            [
              -131.707617,
              55.501245
            ],
            [
              -131.707536,
              55.501121
            ],
            [
              -131.707456,
              55.501007
            ],
            [
              -131.707409,
              55.500913
            ],
            [
              -131.707363,
              55.5008
            ],
            [
              -131.707403,
              55.500693
            ],
            [
              -131.707409,
              55.500565
            ],
            [
              -131.707381,
              55.500432
            ],
            [
              -131.707332,
              55.500368
            ],
            [
              -131.707151,
              55.50038
            ],
            [
              -131.707066,
              55.500339
            ],
            [
              -131.706924,
              55.500258
            ],
            [
              -131.706774,
              55.500148
            ],
            [
              -131.706568,
              55.500116
            ],
            [
              -131.706354,
              55.500073
            ],
            [
              -131.706141,
              55.50003
            ],
            [
              -131.705962,
              55.499983
            ],
            [
              -131.705898,
              55.499884
            ],
            [
              -131.705739,
              55.499789
            ],
            [
              -131.705615,
              55.499674
            ],
            [
              -131.705423,
              55.499538
            ],
            [
              -131.70536,
              55.49942
            ],
            [
              -131.705367,
              55.499283
            ],
            [
              -131.705398,
              55.49917
            ],
            [
              -131.705467,
              55.49901
            ],
            [
              -131.705602,
              55.49889
            ],
            [
              -131.705736,
              55.498808
            ],
            [
              -131.705957,
              55.498694
            ],
            [
              -131.70625,
              55.498542
            ],
            [
              -131.706338,
              55.498489
            ]
          ],
          [
            [
              -131.710227,
              55.504205
            ],
            [
              -131.710156,
              55.504157
            ],
            [
              -131.710038,
              55.504087
            ],
            [
              -131.709842,
              55.504092
            ],
            [
              -131.70972,
              55.504103
            ],
            [
              -131.709569,
              55.504109
            ],
            [
              -131.709436,
              55.504047
            ],
            [
              -131.709339,
              55.504005
            ]
          ],
          [
            [
              -131.700611,
              55.494629
            ],
            [
              -131.700479,
              55.494499
            ],
            [
              -131.700478,
              55.494362
            ],
            [
              -131.700395,
              55.494179
            ]
          ],
          [
            [
              -131.715511,
              55.507186
            ],
            [
              -131.715475,
              55.507163
            ],
            [
              -131.715294,
              55.50716
            ],
            [
              -131.71512,
              55.507157
            ],
            [
              -131.715005,
              55.507155
            ]
          ],
          [
            [
              -131.691565,
              55.487916
            ],
            [
              -131.691561,
              55.487871
            ],
            [
              -131.691481,
              55.487747
            ],
            [
              -131.69149,
              55.487566
            ],
            [
              -131.691492,
              55.487543
            ]
          ],
          [
            [
              -131.705952,
              55.496067
            ],
            [
              -131.705833,
              55.495835
            ],
            [
              -131.705606,
              55.495724
            ],
            [
              -131.705501,
              55.495565
            ],
            [
              -131.705425,
              55.495389
            ]
          ],
          [
            [
              -131.701958,
              55.494645
            ],
            [
              -131.701932,
              55.494626
            ],
            [
              -131.701651,
              55.494719
            ],
            [
              -131.701421,
              55.494711
            ]
          ],
          [
            [
              -131.713173,
              55.506371
            ],
            [
              -131.713024,
              55.506317
            ],
            [
              -131.712792,
              55.506275
            ],
            [
              -131.712537,
              55.506245
            ],
            [
              -131.712357,
              55.506216
            ],
            [
              -131.712118,
              55.506165
            ],
            [
              -131.712009,
              55.506078
            ],
            [
              -131.711951,
              55.506017
            ],
            [
              -131.711826,
              55.505951
            ],
            [
              -131.711701,
              55.505884
            ],
            [
              -131.71157,
              55.505784
            ],
            [
              -131.71137,
              55.505707
            ],
            [
              -131.711318,
              55.505656
            ]
          ],
          [
            [
              -131.702144,
              55.494968
            ],
            [
              -131.702077,
              55.494824
            ],
            [
              -131.702007,
              55.494681
            ]
          ],
          [
            [
              -131.706338,
              55.498489
            ],
            [
              -131.706517,
              55.49838
            ],
            [
              -131.70672,
              55.4983
            ],
            [
              -131.706853,
              55.498224
            ],
            [
              -131.707022,
              55.498175
            ]
          ],
          [
            [
              -131.686215,
              55.480408
            ],
            [
              -131.686115,
              55.480378
            ],
            [
              -131.685972,
              55.480302
            ],
            [
              -131.685821,
              55.480221
            ],
            [
              -131.685647,
              55.480243
            ],
            [
              -131.685539,
              55.480334
            ],
            [
              -131.685473,
              55.480436
            ],
            [
              -131.685351,
              55.480508
            ],
            [
              -131.685233,
              55.480437
            ],
            [
              -131.68511,
              55.480484
            ],
            [
              -131.685055,
              55.48055
            ]
          ],
          [
            [
              -131.685464,
              55.482671
            ],
            [
              -131.685504,
              55.482769
            ],
            [
              -131.685421,
              55.482866
            ],
            [
              -131.685242,
              55.48285
            ]
          ],
          [
            [
              -131.701265,
              55.494694
            ],
            [
              -131.701101,
              55.494671
            ],
            [
              -131.70079,
              55.494671
            ],
            [
              -131.700611,
              55.494629
            ]
          ],
          [
            [
              -131.677505,
              55.484616
            ],
            [
              -131.677382,
              55.484655
            ],
            [
              -131.677213,
              55.48476
            ],
            [
              -131.677173,
              55.484863
            ],
            [
              -131.6772,
              55.484891
            ]
          ],
          [
            [
              -131.680715,
              55.482945
            ],
            [
              -131.680677,
              55.482994
            ],
            [
              -131.680595,
              55.483071
            ],
            [
              -131.680454,
              55.483133
            ],
            [
              -131.680158,
              55.483182
            ],
            [
              -131.679993,
              55.483203
            ],
            [
              -131.679785,
              55.483224
            ],
            [
              -131.679691,
              55.483375
            ],
            [
              -131.679676,
              55.483512
            ]
          ],
          [
            [
              -131.682938,
              55.482734
            ],
            [
              -131.682848,
              55.482726
            ],
            [
              -131.682679,
              55.482664
            ],
            [
              -131.682489,
              55.482656
            ],
            [
              -131.682249,
              55.482628
            ],
            [
              -131.682135,
              55.482689
            ]
          ],
          [
            [
              -131.697181,
              55.494839
            ],
            [
              -131.69714,
              55.494822
            ],
            [
              -131.697047,
              55.494782
            ],
            [
              -131.696838,
              55.494813
            ],
            [
              -131.69674,
              55.494885
            ],
            [
              -131.696575,
              55.494901
            ],
            [
              -131.696368,
              55.494893
            ],
            [
              -131.696249,
              55.494867
            ],
            [
              -131.696036,
              55.494804
            ],
            [
              -131.695954,
              55.494782
            ]
          ],
          [
            [
              -131.691137,
              55.486655
            ],
            [
              -131.691134,
              55.486585
            ],
            [
              -131.691138,
              55.486502
            ],
            [
              -131.691118,
              55.486384
            ],
            [
              -131.69115,
              55.486272
            ],
            [
              -131.691103,
              55.486168
            ],
            [
              -131.691012,
              55.486098
            ],
            [
              -131.690974,
              55.48599
            ],
            [
              -131.690976,
              55.485956
            ]
          ],
          [
            [
              -131.6921,
              55.489674
            ],
            [
              -131.691986,
              55.489544
            ],
            [
              -131.691875,
              55.489337
            ],
            [
              -131.69169,
              55.489241
            ],
            [
              -131.691604,
              55.489073
            ],
            [
              -131.691568,
              55.48892
            ],
            [
              -131.691521,
              55.488841
            ],
            [
              -131.691513,
              55.48865
            ],
            [
              -131.691616,
              55.48849
            ],
            [
              -131.691621,
              55.488392
            ],
            [
              -131.691614,
              55.488378
            ]
          ],
          [
            [
              -131.706523,
              55.496709
            ],
            [
              -131.706367,
              55.49655
            ],
            [
              -131.70621,
              55.49642
            ],
            [
              -131.706046,
              55.496294
            ]
          ],
          [
            [
              -131.707217,
              55.497847
            ],
            [
              -131.707218,
              55.497666
            ],
            [
              -131.707207,
              55.497524
            ],
            [
              -131.707052,
              55.49736
            ],
            [
              -131.706901,
              55.497254
            ]
          ],
          [
            [
              -131.690976,
              55.485956
            ],
            [
              -131.690981,
              55.485862
            ],
            [
              -131.690976,
              55.485784
            ],
            [
              -131.690924,
              55.485621
            ],
            [
              -131.690917,
              55.485602
            ]
          ],
          [
            [
              -131.709339,
              55.504005
            ],
            [
              -131.709303,
              55.503989
            ],
            [
              -131.709171,
              55.503914
            ],
            [
              -131.709084,
              55.503835
            ],
            [
              -131.708975,
              55.503748
            ],
            [
              -131.708858,
              55.503665
            ],
            [
              -131.708751,
              55.503543
            ],
            [
              -131.708725,
              55.503469
            ],
            [
              -131.708651,
              55.503344
            ],
            [
              -131.708616,
              55.503182
            ],
            [
              -131.708581,
              55.50302
            ],
            [
              -131.708517,
              55.502925
            ],
            [
              -131.708359,
              55.5028
            ],
            [
              -131.708279,
              55.502667
            ],
            [
              -131.70809,
              55.502478
            ],
            [
              -131.707949,
              55.502372
            ],
            [
              -131.707825,
              55.502253
            ],
            [
              -131.707725,
              55.502173
            ],
            [
              -131.707583,
              55.502097
            ],
            [
              -131.707405,
              55.50203
            ],
            [
              -131.707313,
              55.50196
            ],
            [
              -131.707397,
              55.501834
            ],
            [
              -131.70741,
              55.501741
            ],
            [
              -131.707426,
              55.501604
            ],
            [
              -131.707458,
              55.501473
            ]
          ],
          [
            [
              -131.711318,
              55.505656
            ],
            [
              -131.711276,
              55.505616
            ],
            [
              -131.711228,
              55.505534
            ],
            [
              -131.71121,
              55.505435
            ],
            [
              -131.711169,
              55.505344
            ],
            [
              -131.711059,
              55.505282
            ],
            [
              -131.71098,
              55.505208
            ],
            [
              -131.710976,
              55.505126
            ],
            [
              -131.71095,
              55.505049
            ],
            [
              -131.710869,
              55.505005
            ],
            [
              -131.710797,
              55.504926
            ],
            [
              -131.710831,
              55.50485
            ],
            [
              -131.710858,
              55.504777
            ],
            [
              -131.710786,
              55.50469
            ],
            [
              -131.71076,
              55.504617
            ],
            [
              -131.710712,
              55.504518
            ],
            [
              -131.710618,
              55.504426
            ],
            [
              -131.710485,
              55.504372
            ],
            [
              -131.710376,
              55.504294
            ],
            [
              -131.710287,
              55.504245
            ],
            [
              -131.710227,
              55.504205
            ]
          ],
          [
            [
              -131.678552,
              55.484067
            ],
            [
              -131.678461,
              55.484144
            ],
            [
              -131.678371,
              55.484221
            ],
            [
              -131.67799,
              55.48441
            ],
            [
              -131.677881,
              55.484464
            ]
          ],
          [
            [
              -131.702987,
              55.495108
            ],
            [
              -131.702665,
              55.495157
            ],
            [
              -131.702407,
              55.495123
            ]
          ],
          [
            [
              -131.682135,
              55.482689
            ],
            [
              -131.682107,
              55.482704
            ],
            [
              -131.681968,
              55.482721
            ],
            [
              -131.681779,
              55.482713
            ],
            [
              -131.68163,
              55.482745
            ],
            [
              -131.681429,
              55.482801
            ],
            [
              -131.681299,
              55.482808
            ],
            [
              -131.681086,
              55.482822
            ]
          ],
          [
            [
              -131.699745,
              55.493777
            ],
            [
              -131.699448,
              55.493723
            ],
            [
              -131.699122,
              55.493679
            ],
            [
              -131.698855,
              55.493669
            ],
            [
              -131.698662,
              55.493568
            ],
            [
              -131.698591,
              55.493548
            ]
          ],
          [
            [
              -131.6772,
              55.484891
            ],
            [
              -131.677239,
              55.484932
            ],
            [
              -131.677241,
              55.485055
            ],
            [
              -131.677135,
              55.485117
            ],
            [
              -131.677036,
              55.485184
            ],
            [
              -131.677005,
              55.485296
            ],
            [
              -131.676999,
              55.485409
            ],
            [
              -131.676855,
              55.4857
            ],
            [
              -131.676756,
              55.485948
            ],
            [
              -131.676604,
              55.486044
            ],
            [
              -131.676355,
              55.486192
            ],
            [
              -131.676114,
              55.48635
            ],
            [
              -131.675901,
              55.486464
            ],
            [
              -131.675745,
              55.486486
            ],
            [
              -131.675587,
              55.486486
            ]
          ],
          [
            [
              -131.685242,
              55.48285
            ],
            [
              -131.685155,
              55.482842
            ],
            [
              -131.684946,
              55.482873
            ],
            [
              -131.684755,
              55.482904
            ],
            [
              -131.684666,
              55.482952
            ],
            [
              -131.684579,
              55.48297
            ],
            [
              -131.684425,
              55.482938
            ],
            [
              -131.68425,
              55.482989
            ],
            [
              -131.68399,
              55.482999
            ],
            [
              -131.683747,
              55.483034
            ],
            [
              -131.683576,
              55.483007
            ],
            [
              -131.683458,
              55.482946
            ],
            [
              -131.683395,
              55.482833
            ],
            [
              -131.68326,
              55.482772
            ],
            [
              -131.683156,
              55.482758
            ]
          ],
          [
            [
              -131.691494,
              55.487529
            ],
            [
              -131.691507,
              55.4874
            ],
            [
              -131.691488,
              55.487258
            ],
            [
              -131.691333,
              55.487088
            ],
            [
              -131.691262,
              55.486945
            ],
            [
              -131.691141,
              55.486781
            ],
            [
              -131.691137,
              55.486655
            ]
          ],
          [
            [
              -131.692847,
              55.492839
            ],
            [
              -131.692779,
              55.492806
            ],
            [
              -131.692621,
              55.492696
            ],
            [
              -131.692428,
              55.492575
            ],
            [
              -131.692303,
              55.492485
            ],
            [
              -131.692293,
              55.492463
            ]
          ],
          [
            [
              -131.697718,
              55.493991
            ],
            [
              -131.697728,
              55.494293
            ],
            [
              -131.697727,
              55.494479
            ],
            [
              -131.697618,
              55.494585
            ],
            [
              -131.697523,
              55.494736
            ]
          ],
          [
            [
              -131.692293,
              55.492463
            ],
            [
              -131.692288,
              55.49245
            ],
            [
              -131.692252,
              55.492312
            ],
            [
              -131.692322,
              55.492122
            ],
            [
              -131.692336,
              55.492005
            ],
            [
              -131.692358,
              55.491746
            ],
            [
              -131.692312,
              55.491622
            ],
            [
              -131.692232,
              55.491508
            ],
            [
              -131.69214,
              55.491267
            ],
            [
              -131.692096,
              55.491119
            ],
            [
              -131.691975,
              55.490955
            ],
            [
              -131.691918,
              55.490876
            ],
            [
              -131.6918,
              55.490663
            ],
            [
              -131.691859,
              55.490508
            ],
            [
              -131.691955,
              55.490318
            ],
            [
              -131.692014,
              55.490172
            ],
            [
              -131.692057,
              55.490001
            ],
            [
              -131.692137,
              55.489792
            ],
            [
              -131.6921,
              55.489674
            ]
          ],
          [
            [
              -131.687998,
              55.480755
            ],
            [
              -131.687857,
              55.480745
            ],
            [
              -131.687644,
              55.480677
            ],
            [
              -131.687493,
              55.480596
            ],
            [
              -131.687234,
              55.480597
            ],
            [
              -131.687003,
              55.480554
            ],
            [
              -131.686753,
              55.480565
            ],
            [
              -131.686522,
              55.480507
            ],
            [
              -131.686344,
              55.480445
            ],
            [
              -131.686215,
              55.480408
            ]
          ],
          [
            [
              -131.695596,
              55.494715
            ],
            [
              -131.695515,
              55.494703
            ],
            [
              -131.695345,
              55.494641
            ],
            [
              -131.695145,
              55.494506
            ],
            [
              -131.695028,
              55.494416
            ],
            [
              -131.694841,
              55.494369
            ],
            [
              -131.694759,
              55.494284
            ],
            [
              -131.694644,
              55.494169
            ],
            [
              -131.694539,
              55.494021
            ],
            [
              -131.694353,
              55.493934
            ],
            [
              -131.694292,
              55.493781
            ],
            [
              -131.694281,
              55.493654
            ],
            [
              -131.694243,
              55.493555
            ],
            [
              -131.694064,
              55.493518
            ],
            [
              -131.693911,
              55.493471
            ],
            [
              -131.693685,
              55.49337
            ]
          ],
          [
            [
              -131.690201,
              55.481483
            ],
            [
              -131.690333,
              55.481437
            ],
            [
              -131.69032,
              55.481338
            ],
            [
              -131.69031,
              55.481206
            ],
            [
              -131.69007,
              55.481178
            ],
            [
              -131.68983,
              55.481139
            ],
            [
              -131.689652,
              55.481078
            ],
            [
              -131.689539,
              55.480919
            ],
            [
              -131.689443,
              55.48077
            ],
            [
              -131.689351,
              55.48071
            ],
            [
              -131.689114,
              55.480785
            ],
            [
              -131.688992,
              55.480817
            ],
            [
              -131.688777,
              55.480809
            ],
            [
              -131.688718,
              55.480802
            ]
          ],
          [
            [
              -131.705425,
              55.495389
            ],
            [
              -131.705362,
              55.495245
            ],
            [
              -131.705178,
              55.495134
            ],
            [
              -131.704933,
              55.495032
            ],
            [
              -131.7046,
              55.494958
            ],
            [
              -131.704298,
              55.494953
            ],
            [
              -131.703878,
              55.494897
            ],
            [
              -131.703373,
              55.494972
            ],
            [
              -131.702987,
              55.495108
            ]
          ]
        ]
      },
      "properties": {
        "id": "lunch-creek",
        "name": "Lunch Creek",
        "status": "existing",
        "corridorId": "ward-to-lunch-creek",
        "landManagers": [
          "USDA Forest Service"
        ],
        "lengthMi": 3.534,
        "elevationGainFt": 30,
        "difficulty": "moderate",
        "surface": "native",
        "seasonality": "Snow-free May–October",
        "connectsTo": [
          "north-tongass-coastal"
        ],
        "summary": "Existing USFS trail at Lunch Creek. The northern anchor of the Ward-to-interior corridor.",
        "whatItNeeds": null,
        "sourceRef": "usfs-nfs-trails",
        "updatedAt": "2026-08-28"
      }
    },
    {
      "type": "Feature",
      "id": "manzanita-lake",
      "geometry": {
        "type": "LineString",
        "coordinates": [
          [
            -131,
            55.589241
          ],
          [
            -131.000945,
            55.589027
          ],
          [
            -131.00215,
            55.588395
          ],
          [
            -131.003622,
            55.587623
          ],
          [
            -131.005706,
            55.587376
          ],
          [
            -131.007387,
            55.587339
          ],
          [
            -131.008588,
            55.58678
          ],
          [
            -131.01017,
            55.586303
          ],
          [
            -131.011623,
            55.585822
          ],
          [
            -131.013201,
            55.585418
          ],
          [
            -131.01454,
            55.584716
          ],
          [
            -131.016111,
            55.584384
          ],
          [
            -131.017694,
            55.583906
          ],
          [
            -131.01941,
            55.583358
          ],
          [
            -131.021458,
            55.583184
          ],
          [
            -131.022403,
            55.582944
          ],
          [
            -131.022858,
            55.582883
          ],
          [
            -131.023189,
            55.582931
          ],
          [
            -131.023562,
            55.583021
          ],
          [
            -131.023888,
            55.583002
          ],
          [
            -131.024229,
            55.582882
          ],
          [
            -131.024474,
            55.582734
          ],
          [
            -131.024811,
            55.582685
          ],
          [
            -131.02517,
            55.582713
          ],
          [
            -131.025519,
            55.58276
          ],
          [
            -131.025902,
            55.582794
          ],
          [
            -131.026314,
            55.582718
          ],
          [
            -131.026597,
            55.582652
          ],
          [
            -131.027005,
            55.582648
          ],
          [
            -131.027282,
            55.582667
          ],
          [
            -131.027734,
            55.582628
          ],
          [
            -131.028064,
            55.582502
          ],
          [
            -131.028281,
            55.582458
          ],
          [
            -131.028582,
            55.58244
          ],
          [
            -131.02891,
            55.582338
          ],
          [
            -131.029089,
            55.582233
          ],
          [
            -131.029202,
            55.582138
          ],
          [
            -131.029379,
            55.582057
          ],
          [
            -131.029534,
            55.581987
          ],
          [
            -131.029604,
            55.581904
          ],
          [
            -131.029694,
            55.581833
          ],
          [
            -131.030083,
            55.581781
          ],
          [
            -131.03034,
            55.581786
          ],
          [
            -131.030658,
            55.58183
          ],
          [
            -131.030915,
            55.581835
          ],
          [
            -131.031134,
            55.581755
          ],
          [
            -131.031379,
            55.581627
          ],
          [
            -131.031766,
            55.581599
          ],
          [
            -131.032115,
            55.581509
          ],
          [
            -131.032314,
            55.581417
          ],
          [
            -131.032473,
            55.581405
          ],
          [
            -131.032645,
            55.581399
          ],
          [
            -131.032806,
            55.581407
          ],
          [
            -131.033066,
            55.581443
          ],
          [
            -131.033307,
            55.581469
          ],
          [
            -131.033559,
            55.581485
          ],
          [
            -131.033773,
            55.581515
          ],
          [
            -131.033964,
            55.581493
          ],
          [
            -131.034266,
            55.581428
          ],
          [
            -131.034432,
            55.581376
          ],
          [
            -131.034572,
            55.581307
          ],
          [
            -131.034669,
            55.581207
          ],
          [
            -131.034739,
            55.581107
          ],
          [
            -131.03479,
            55.581006
          ],
          [
            -131.034888,
            55.58089
          ],
          [
            -131.034985,
            55.580795
          ],
          [
            -131.035059,
            55.580711
          ]
        ]
      },
      "properties": {
        "id": "manzanita-lake",
        "name": "Manzanita Lake",
        "status": "existing",
        "corridorId": null,
        "landManagers": [
          "USDA Forest Service"
        ],
        "lengthMi": 1.569,
        "elevationGainFt": 180,
        "difficulty": "easy",
        "surface": "native",
        "seasonality": "Snow-free May–October",
        "connectsTo": [],
        "summary": "Existing USFS trail at Manzanita Lake.",
        "whatItNeeds": null,
        "sourceRef": "usfs-nfs-trails",
        "updatedAt": "2026-08-28"
      }
    },
    {
      "type": "Feature",
      "id": "margaret-trail",
      "geometry": {
        "type": "LineString",
        "coordinates": [
          [
            -131.614875,
            55.688504
          ],
          [
            -131.614893,
            55.688478
          ],
          [
            -131.614944,
            55.688409
          ],
          [
            -131.615015,
            55.688224
          ],
          [
            -131.615033,
            55.688191
          ]
        ]
      },
      "properties": {
        "id": "margaret-trail",
        "name": "Margaret Trail",
        "status": "existing",
        "corridorId": null,
        "landManagers": [
          "USDA Forest Service"
        ],
        "lengthMi": 0.023,
        "elevationGainFt": 0,
        "difficulty": "difficult",
        "surface": "native",
        "seasonality": "Snow-free May–October",
        "connectsTo": [],
        "summary": "Existing USFS trail in the Margaret drainage.",
        "whatItNeeds": null,
        "sourceRef": "usfs-nfs-trails",
        "updatedAt": "2026-08-28"
      }
    },
    {
      "type": "Feature",
      "id": "married-mans-trail",
      "geometry": {
        "type": "LineString",
        "coordinates": [
          [
            -131.6428,
            55.3412
          ],
          [
            -131.6412,
            55.3424
          ],
          [
            -131.6396,
            55.3436
          ]
        ]
      },
      "properties": {
        "id": "married-mans-trail",
        "name": "Married Man's Trail",
        "status": "existing",
        "corridorId": null,
        "landManagers": [
          "City of Ketchikan"
        ],
        "lengthMi": 0.208,
        "elevationGainFt": 90,
        "difficulty": null,
        "surface": "boardwalk",
        "seasonality": "Snow-free May–October",
        "connectsTo": [],
        "summary": "Existing downtown boardwalk connection. Alignment is approximate pending the Borough trails layer. On the map because it is how people already move.",
        "whatItNeeds": null,
        "sourceRef": "hand-attributed-pending-borough-gis",
        "updatedAt": "2026-08-28"
      }
    },
    {
      "type": "Feature",
      "id": "minerva-mountain",
      "geometry": {
        "type": "MultiLineString",
        "coordinates": [
          [
            [
              -131.674071,
              55.407775
            ],
            [
              -131.674199,
              55.407622
            ],
            [
              -131.674273,
              55.407498
            ],
            [
              -131.674286,
              55.407449
            ]
          ],
          [
            [
              -131.682046,
              55.403965
            ],
            [
              -131.682126,
              55.403941
            ],
            [
              -131.682119,
              55.403939
            ],
            [
              -131.682062,
              55.403938
            ],
            [
              -131.681931,
              55.403809
            ],
            [
              -131.681948,
              55.403692
            ],
            [
              -131.682086,
              55.403653
            ],
            [
              -131.682085,
              55.403621
            ],
            [
              -131.682332,
              55.403464
            ],
            [
              -131.682526,
              55.403337
            ],
            [
              -131.682569,
              55.403264
            ],
            [
              -131.682574,
              55.403201
            ],
            [
              -131.682589,
              55.403154
            ],
            [
              -131.682593,
              55.403118
            ],
            [
              -131.682577,
              55.403079
            ],
            [
              -131.682648,
              55.402946
            ]
          ],
          [
            [
              -131.6704,
              55.408618
            ],
            [
              -131.670358,
              55.408494
            ],
            [
              -131.670366,
              55.408372
            ],
            [
              -131.670469,
              55.408293
            ],
            [
              -131.670576,
              55.40823
            ],
            [
              -131.670622,
              55.408214
            ],
            [
              -131.670776,
              55.408169
            ],
            [
              -131.670859,
              55.408123
            ],
            [
              -131.670958,
              55.40811
            ]
          ],
          [
            [
              -131.669506,
              55.410271
            ],
            [
              -131.669537,
              55.410203
            ],
            [
              -131.669528,
              55.410187
            ],
            [
              -131.669555,
              55.410003
            ],
            [
              -131.669575,
              55.40997
            ],
            [
              -131.669551,
              55.409803
            ]
          ],
          [
            [
              -131.670958,
              55.40811
            ],
            [
              -131.6712,
              55.408078
            ],
            [
              -131.671245,
              55.40808
            ],
            [
              -131.671469,
              55.408121
            ],
            [
              -131.671526,
              55.40813
            ],
            [
              -131.671813,
              55.408178
            ],
            [
              -131.672126,
              55.408233
            ],
            [
              -131.672275,
              55.408241
            ],
            [
              -131.672315,
              55.408244
            ]
          ],
          [
            [
              -131.682648,
              55.402946
            ],
            [
              -131.682663,
              55.402917
            ],
            [
              -131.682692,
              55.40287
            ],
            [
              -131.682657,
              55.402737
            ],
            [
              -131.68258,
              55.402745
            ],
            [
              -131.682545,
              55.402748
            ],
            [
              -131.682511,
              55.40274
            ],
            [
              -131.682424,
              55.402649
            ],
            [
              -131.682361,
              55.402614
            ],
            [
              -131.68233,
              55.402578
            ],
            [
              -131.682327,
              55.402558
            ],
            [
              -131.682412,
              55.40242
            ],
            [
              -131.68265,
              55.402298
            ],
            [
              -131.682681,
              55.402294
            ],
            [
              -131.682733,
              55.402305
            ],
            [
              -131.682761,
              55.402318
            ],
            [
              -131.682863,
              55.402328
            ],
            [
              -131.6832,
              55.402374
            ],
            [
              -131.683259,
              55.402384
            ],
            [
              -131.683452,
              55.402435
            ],
            [
              -131.683607,
              55.402382
            ]
          ],
          [
            [
              -131.680172,
              55.40733
            ],
            [
              -131.680225,
              55.40727
            ],
            [
              -131.680308,
              55.407132
            ],
            [
              -131.680417,
              55.407041
            ],
            [
              -131.68061,
              55.406822
            ],
            [
              -131.680704,
              55.406807
            ],
            [
              -131.681036,
              55.406691
            ],
            [
              -131.681152,
              55.406671
            ],
            [
              -131.681173,
              55.406661
            ],
            [
              -131.681203,
              55.406627
            ],
            [
              -131.6813,
              55.40656
            ],
            [
              -131.681453,
              55.406541
            ]
          ],
          [
            [
              -131.675969,
              55.406129
            ],
            [
              -131.676021,
              55.406115
            ],
            [
              -131.676317,
              55.406106
            ],
            [
              -131.676412,
              55.406169
            ],
            [
              -131.676515,
              55.406237
            ]
          ],
          [
            [
              -131.679473,
              55.40755
            ],
            [
              -131.679509,
              55.407528
            ],
            [
              -131.679566,
              55.407538
            ],
            [
              -131.679685,
              55.407569
            ],
            [
              -131.679728,
              55.407567
            ],
            [
              -131.67979,
              55.40752
            ],
            [
              -131.679948,
              55.407486
            ],
            [
              -131.680014,
              55.407459
            ],
            [
              -131.680029,
              55.407453
            ],
            [
              -131.680085,
              55.407428
            ],
            [
              -131.680172,
              55.40733
            ]
          ],
          [
            [
              -131.676515,
              55.406237
            ],
            [
              -131.676574,
              55.406277
            ],
            [
              -131.676705,
              55.40645
            ],
            [
              -131.676968,
              55.406638
            ],
            [
              -131.677201,
              55.406857
            ],
            [
              -131.67723,
              55.406945
            ],
            [
              -131.677156,
              55.40699
            ],
            [
              -131.676974,
              55.40708
            ],
            [
              -131.677127,
              55.40728
            ],
            [
              -131.677235,
              55.407268
            ],
            [
              -131.677264,
              55.407303
            ],
            [
              -131.67738,
              55.407376
            ],
            [
              -131.677405,
              55.407388
            ],
            [
              -131.677447,
              55.407418
            ],
            [
              -131.677457,
              55.407426
            ],
            [
              -131.677473,
              55.407431
            ],
            [
              -131.677494,
              55.407428
            ],
            [
              -131.677568,
              55.407364
            ],
            [
              -131.677696,
              55.407352
            ],
            [
              -131.677741,
              55.407364
            ],
            [
              -131.677889,
              55.407403
            ],
            [
              -131.67789,
              55.407403
            ],
            [
              -131.6781,
              55.407447
            ],
            [
              -131.678199,
              55.407544
            ],
            [
              -131.678347,
              55.407563
            ]
          ],
          [
            [
              -131.683762,
              55.400019
            ],
            [
              -131.683735,
              55.400005
            ],
            [
              -131.683229,
              55.399852
            ],
            [
              -131.682875,
              55.399815
            ],
            [
              -131.682675,
              55.399816
            ],
            [
              -131.682725,
              55.399705
            ],
            [
              -131.682554,
              55.399555
            ],
            [
              -131.682254,
              55.399495
            ],
            [
              -131.681925,
              55.399511
            ],
            [
              -131.681774,
              55.399426
            ],
            [
              -131.681584,
              55.399255
            ],
            [
              -131.681415,
              55.399066
            ],
            [
              -131.681245,
              55.398916
            ],
            [
              -131.680964,
              55.398576
            ],
            [
              -131.680555,
              55.398336
            ],
            [
              -131.680444,
              55.398056
            ],
            [
              -131.680165,
              55.397606
            ],
            [
              -131.679914,
              55.397306
            ],
            [
              -131.679785,
              55.396986
            ],
            [
              -131.679335,
              55.396616
            ],
            [
              -131.679135,
              55.396296
            ],
            [
              -131.678885,
              55.396036
            ],
            [
              -131.678775,
              55.395696
            ],
            [
              -131.678885,
              55.395336
            ],
            [
              -131.678965,
              55.394906
            ],
            [
              -131.678984,
              55.394556
            ],
            [
              -131.679285,
              55.394106
            ],
            [
              -131.679565,
              55.393856
            ],
            [
              -131.679695,
              55.393396
            ],
            [
              -131.680045,
              55.392996
            ],
            [
              -131.679995,
              55.392566
            ],
            [
              -131.680045,
              55.392306
            ],
            [
              -131.679915,
              55.391916
            ],
            [
              -131.679845,
              55.391576
            ],
            [
              -131.679865,
              55.391166
            ],
            [
              -131.679765,
              55.390866
            ],
            [
              -131.679565,
              55.390526
            ],
            [
              -131.679485,
              55.390156
            ],
            [
              -131.679525,
              55.389776
            ],
            [
              -131.679695,
              55.389606
            ],
            [
              -131.679785,
              55.389306
            ],
            [
              -131.679785,
              55.389176
            ],
            [
              -131.679564,
              55.389026
            ],
            [
              -131.679695,
              55.388896
            ],
            [
              -131.679975,
              55.388857
            ],
            [
              -131.679974,
              55.388676
            ],
            [
              -131.679505,
              55.388316
            ],
            [
              -131.679465,
              55.388207
            ],
            [
              -131.679545,
              55.387946
            ],
            [
              -131.679225,
              55.387697
            ],
            [
              -131.679135,
              55.387476
            ],
            [
              -131.678775,
              55.387287
            ],
            [
              -131.677915,
              55.387096
            ],
            [
              -131.677205,
              55.387007
            ],
            [
              -131.676395,
              55.386987
            ],
            [
              -131.675665,
              55.386817
            ],
            [
              -131.674432,
              55.386518
            ],
            [
              -131.673565,
              55.386297
            ],
            [
              -131.673085,
              55.386347
            ],
            [
              -131.672576,
              55.386277
            ],
            [
              -131.672125,
              55.386127
            ],
            [
              -131.671655,
              55.385957
            ],
            [
              -131.671505,
              55.385767
            ],
            [
              -131.671395,
              55.385527
            ],
            [
              -131.670755,
              55.385317
            ],
            [
              -131.670235,
              55.385207
            ],
            [
              -131.669845,
              55.384887
            ],
            [
              -131.669335,
              55.384557
            ],
            [
              -131.668885,
              55.384197
            ],
            [
              -131.668216,
              55.383957
            ],
            [
              -131.667125,
              55.383577
            ],
            [
              -131.666265,
              55.383147
            ],
            [
              -131.665406,
              55.382997
            ],
            [
              -131.664616,
              55.382847
            ],
            [
              -131.663708,
              55.382665
            ],
            [
              -131.663169,
              55.382255
            ],
            [
              -131.662512,
              55.381692
            ],
            [
              -131.662362,
              55.381579
            ],
            [
              -131.662391,
              55.381391
            ],
            [
              -131.662828,
              55.381221
            ],
            [
              -131.662693,
              55.38082
            ],
            [
              -131.662667,
              55.380565
            ],
            [
              -131.662855,
              55.380324
            ],
            [
              -131.662986,
              55.380038
            ],
            [
              -131.663092,
              55.379863
            ],
            [
              -131.66372,
              55.379762
            ],
            [
              -131.664059,
              55.379602
            ],
            [
              -131.664322,
              55.379512
            ],
            [
              -131.664676,
              55.37944
            ],
            [
              -131.665735,
              55.379481
            ],
            [
              -131.666688,
              55.379607
            ],
            [
              -131.667044,
              55.379759
            ],
            [
              -131.667692,
              55.379965
            ],
            [
              -131.668085,
              55.380061
            ],
            [
              -131.668455,
              55.380135
            ],
            [
              -131.668626,
              55.380143
            ],
            [
              -131.668595,
              55.380081
            ],
            [
              -131.668499,
              55.380043
            ],
            [
              -131.668403,
              55.380002
            ],
            [
              -131.668351,
              55.379948
            ],
            [
              -131.668543,
              55.379952
            ],
            [
              -131.668768,
              55.379958
            ],
            [
              -131.669052,
              55.379996
            ],
            [
              -131.669516,
              55.380052
            ],
            [
              -131.669929,
              55.38005
            ],
            [
              -131.670409,
              55.380072
            ],
            [
              -131.670979,
              55.380171
            ],
            [
              -131.671445,
              55.38029
            ],
            [
              -131.671952,
              55.380467
            ],
            [
              -131.672745,
              55.38062
            ],
            [
              -131.673768,
              55.380759
            ],
            [
              -131.674609,
              55.380804
            ],
            [
              -131.674903,
              55.380725
            ],
            [
              -131.675306,
              55.380751
            ],
            [
              -131.675652,
              55.380823
            ],
            [
              -131.67608,
              55.380966
            ],
            [
              -131.676329,
              55.381084
            ],
            [
              -131.676558,
              55.381231
            ],
            [
              -131.676735,
              55.381329
            ],
            [
              -131.676875,
              55.381284
            ],
            [
              -131.676986,
              55.381245
            ],
            [
              -131.677098,
              55.381234
            ],
            [
              -131.677147,
              55.381171
            ],
            [
              -131.677026,
              55.381095
            ],
            [
              -131.67687,
              55.38098
            ],
            [
              -131.676739,
              55.380851
            ],
            [
              -131.676505,
              55.380681
            ],
            [
              -131.676457,
              55.380591
            ],
            [
              -131.67666,
              55.380633
            ],
            [
              -131.677027,
              55.380791
            ],
            [
              -131.677329,
              55.380866
            ],
            [
              -131.677496,
              55.380849
            ],
            [
              -131.677436,
              55.380773
            ],
            [
              -131.677272,
              55.380708
            ],
            [
              -131.677035,
              55.380639
            ],
            [
              -131.676949,
              55.380583
            ],
            [
              -131.677021,
              55.380557
            ],
            [
              -131.677168,
              55.380581
            ],
            [
              -131.677246,
              55.380557
            ],
            [
              -131.677176,
              55.380499
            ],
            [
              -131.676847,
              55.38042
            ],
            [
              -131.676774,
              55.380361
            ],
            [
              -131.676917,
              55.380318
            ],
            [
              -131.677549,
              55.380388
            ],
            [
              -131.677894,
              55.380469
            ],
            [
              -131.678221,
              55.380514
            ],
            [
              -131.678433,
              55.380501
            ],
            [
              -131.678733,
              55.380497
            ],
            [
              -131.679039,
              55.380466
            ],
            [
              -131.679372,
              55.380399
            ],
            [
              -131.679491,
              55.380277
            ],
            [
              -131.679392,
              55.380197
            ],
            [
              -131.679145,
              55.380123
            ],
            [
              -131.678956,
              55.380064
            ],
            [
              -131.678819,
              55.379964
            ],
            [
              -131.67896,
              55.379894
            ],
            [
              -131.679277,
              55.379854
            ],
            [
              -131.679624,
              55.379879
            ],
            [
              -131.679906,
              55.379845
            ],
            [
              -131.68004,
              55.379797
            ],
            [
              -131.679999,
              55.379708
            ],
            [
              -131.679946,
              55.37965
            ],
            [
              -131.679848,
              55.379625
            ],
            [
              -131.679552,
              55.379554
            ],
            [
              -131.679303,
              55.379503
            ],
            [
              -131.679211,
              55.379365
            ],
            [
              -131.679253,
              55.379287
            ],
            [
              -131.679445,
              55.379244
            ],
            [
              -131.679705,
              55.379108
            ],
            [
              -131.679715,
              55.378958
            ],
            [
              -131.67966,
              55.378892
            ],
            [
              -131.679484,
              55.378777
            ],
            [
              -131.679253,
              55.37865
            ],
            [
              -131.679088,
              55.378432
            ],
            [
              -131.678794,
              55.378237
            ],
            [
              -131.678643,
              55.377997
            ],
            [
              -131.678755,
              55.377831
            ],
            [
              -131.678853,
              55.377612
            ],
            [
              -131.678692,
              55.37749
            ],
            [
              -131.678526,
              55.377404
            ],
            [
              -131.67836,
              55.377388
            ],
            [
              -131.678187,
              55.37728
            ],
            [
              -131.678101,
              55.377087
            ],
            [
              -131.678116,
              55.376737
            ],
            [
              -131.67814,
              55.376428
            ],
            [
              -131.677982,
              55.376243
            ],
            [
              -131.677919,
              55.376075
            ],
            [
              -131.678,
              55.375905
            ],
            [
              -131.678087,
              55.375707
            ],
            [
              -131.678421,
              55.37547
            ],
            [
              -131.678585,
              55.375351
            ],
            [
              -131.67862,
              55.37524
            ],
            [
              -131.678457,
              55.375064
            ],
            [
              -131.678275,
              55.374959
            ],
            [
              -131.678217,
              55.374917
            ],
            [
              -131.678211,
              55.374858
            ],
            [
              -131.678232,
              55.374737
            ],
            [
              -131.678296,
              55.374659
            ],
            [
              -131.678258,
              55.37462
            ],
            [
              -131.678084,
              55.374555
            ],
            [
              -131.678137,
              55.374448
            ],
            [
              -131.678238,
              55.374377
            ]
          ],
          [
            [
              -131.669551,
              55.409803
            ],
            [
              -131.669604,
              55.409779
            ],
            [
              -131.669664,
              55.409737
            ],
            [
              -131.669753,
              55.409525
            ],
            [
              -131.66995,
              55.409288
            ],
            [
              -131.670011,
              55.409228
            ]
          ],
          [
            [
              -131.678347,
              55.407563
            ],
            [
              -131.67852,
              55.407595
            ],
            [
              -131.678568,
              55.407567
            ],
            [
              -131.678616,
              55.407521
            ],
            [
              -131.678645,
              55.407498
            ],
            [
              -131.678661,
              55.40749
            ],
            [
              -131.678671,
              55.407482
            ],
            [
              -131.678721,
              55.40747
            ],
            [
              -131.678768,
              55.407453
            ],
            [
              -131.678935,
              55.407352
            ],
            [
              -131.679016,
              55.407297
            ],
            [
              -131.679029,
              55.407273
            ],
            [
              -131.679089,
              55.407262
            ],
            [
              -131.67922,
              55.407315
            ],
            [
              -131.679258,
              55.407394
            ],
            [
              -131.679301,
              55.407542
            ],
            [
              -131.679373,
              55.407615
            ],
            [
              -131.679381,
              55.407607
            ],
            [
              -131.679473,
              55.40755
            ]
          ],
          [
            [
              -131.683965,
              55.400337
            ],
            [
              -131.683964,
              55.400115
            ],
            [
              -131.683762,
              55.400019
            ]
          ],
          [
            [
              -131.673545,
              55.408332
            ],
            [
              -131.673631,
              55.408317
            ],
            [
              -131.673656,
              55.408312
            ],
            [
              -131.673839,
              55.408273
            ],
            [
              -131.673941,
              55.408169
            ],
            [
              -131.673964,
              55.408146
            ],
            [
              -131.673995,
              55.408024
            ],
            [
              -131.67399,
              55.407871
            ],
            [
              -131.674071,
              55.407775
            ]
          ],
          [
            [
              -131.672828,
              55.408399
            ],
            [
              -131.67304,
              55.408406
            ],
            [
              -131.673247,
              55.408353
            ],
            [
              -131.673497,
              55.408341
            ],
            [
              -131.673545,
              55.408332
            ]
          ],
          [
            [
              -131.672315,
              55.408244
            ],
            [
              -131.672451,
              55.408254
            ],
            [
              -131.672738,
              55.408356
            ],
            [
              -131.672828,
              55.408399
            ]
          ],
          [
            [
              -131.683607,
              55.402382
            ],
            [
              -131.683785,
              55.40236
            ],
            [
              -131.683858,
              55.402336
            ],
            [
              -131.683949,
              55.402267
            ],
            [
              -131.684139,
              55.402242
            ],
            [
              -131.684281,
              55.40222
            ],
            [
              -131.684297,
              55.402218
            ],
            [
              -131.684654,
              55.402265
            ],
            [
              -131.684675,
              55.402115
            ],
            [
              -131.684557,
              55.402029
            ]
          ],
          [
            [
              -131.681453,
              55.406541
            ],
            [
              -131.681534,
              55.406531
            ],
            [
              -131.681434,
              55.406471
            ],
            [
              -131.681424,
              55.406281
            ],
            [
              -131.681481,
              55.406201
            ],
            [
              -131.681441,
              55.406113
            ],
            [
              -131.68139,
              55.406109
            ],
            [
              -131.681234,
              55.406015
            ],
            [
              -131.681238,
              55.406002
            ],
            [
              -131.681332,
              55.405859
            ],
            [
              -131.681371,
              55.40576
            ],
            [
              -131.681344,
              55.405685
            ],
            [
              -131.681299,
              55.405565
            ],
            [
              -131.681238,
              55.405411
            ],
            [
              -131.681272,
              55.405311
            ],
            [
              -131.681499,
              55.405222
            ],
            [
              -131.681597,
              55.405153
            ],
            [
              -131.681793,
              55.405151
            ],
            [
              -131.681993,
              55.405072
            ]
          ],
          [
            [
              -131.674286,
              55.407449
            ],
            [
              -131.674308,
              55.407364
            ],
            [
              -131.674422,
              55.407147
            ],
            [
              -131.674445,
              55.40709
            ],
            [
              -131.674489,
              55.406895
            ],
            [
              -131.674496,
              55.406845
            ],
            [
              -131.674566,
              55.40678
            ],
            [
              -131.674755,
              55.40666
            ],
            [
              -131.674747,
              55.406631
            ],
            [
              -131.674813,
              55.406573
            ],
            [
              -131.674917,
              55.40651
            ],
            [
              -131.675076,
              55.406427
            ],
            [
              -131.675177,
              55.406337
            ],
            [
              -131.675254,
              55.406293
            ],
            [
              -131.675267,
              55.406267
            ],
            [
              -131.675442,
              55.406132
            ],
            [
              -131.675754,
              55.406135
            ],
            [
              -131.675876,
              55.406142
            ],
            [
              -131.675969,
              55.406129
            ]
          ],
          [
            [
              -131.684557,
              55.402029
            ],
            [
              -131.684524,
              55.402005
            ],
            [
              -131.684394,
              55.401835
            ],
            [
              -131.684135,
              55.401615
            ],
            [
              -131.684184,
              55.401425
            ],
            [
              -131.684184,
              55.401165
            ],
            [
              -131.684034,
              55.400935
            ],
            [
              -131.683984,
              55.400716
            ],
            [
              -131.683965,
              55.400455
            ],
            [
              -131.683965,
              55.400337
            ]
          ],
          [
            [
              -131.669606,
              55.411383
            ],
            [
              -131.669536,
              55.411161
            ],
            [
              -131.669555,
              55.411131
            ],
            [
              -131.669561,
              55.411074
            ]
          ],
          [
            [
              -131.669916,
              55.411923
            ],
            [
              -131.669853,
              55.411822
            ],
            [
              -131.669784,
              55.41161
            ],
            [
              -131.669701,
              55.411473
            ],
            [
              -131.669606,
              55.411383
            ]
          ],
          [
            [
              -131.669499,
              55.41067
            ],
            [
              -131.669436,
              55.410658
            ],
            [
              -131.669419,
              55.410462
            ],
            [
              -131.669506,
              55.410271
            ]
          ],
          [
            [
              -131.670011,
              55.409228
            ],
            [
              -131.670062,
              55.409179
            ],
            [
              -131.670238,
              55.409114
            ],
            [
              -131.670328,
              55.408938
            ],
            [
              -131.670404,
              55.408715
            ],
            [
              -131.670408,
              55.408641
            ],
            [
              -131.6704,
              55.408618
            ]
          ],
          [
            [
              -131.669561,
              55.411074
            ],
            [
              -131.669586,
              55.410839
            ],
            [
              -131.66957,
              55.410826
            ],
            [
              -131.669499,
              55.41067
            ]
          ],
          [
            [
              -131.681993,
              55.405072
            ],
            [
              -131.681992,
              55.405053
            ],
            [
              -131.681973,
              55.404913
            ],
            [
              -131.681972,
              55.404906
            ],
            [
              -131.682085,
              55.404775
            ],
            [
              -131.68217,
              55.404663
            ],
            [
              -131.682163,
              55.404579
            ],
            [
              -131.68213,
              55.404565
            ],
            [
              -131.682142,
              55.404444
            ],
            [
              -131.681951,
              55.404318
            ],
            [
              -131.681828,
              55.40427
            ],
            [
              -131.681643,
              55.404184
            ],
            [
              -131.681695,
              55.404107
            ],
            [
              -131.681699,
              55.404074
            ],
            [
              -131.681973,
              55.403987
            ],
            [
              -131.682046,
              55.403965
            ]
          ]
        ]
      },
      "properties": {
        "id": "minerva-mountain",
        "name": "Minerva Mountain",
        "status": "existing",
        "corridorId": null,
        "landManagers": [
          "USDA Forest Service"
        ],
        "lengthMi": 4.963,
        "elevationGainFt": 1090,
        "difficulty": "difficult",
        "surface": "native",
        "seasonality": "Snow-free May–October",
        "connectsTo": [
          "carlanna-lake",
          "carlanna-to-ward-lake",
          "perseverance-trail"
        ],
        "summary": "Existing high-country trail. A built mile that is not yet tied to a named corridor.",
        "whatItNeeds": null,
        "sourceRef": "usfs-nfs-trails",
        "updatedAt": "2026-08-28"
      }
    },
    {
      "type": "Feature",
      "id": "naha-river",
      "geometry": {
        "type": "MultiLineString",
        "coordinates": [
          [
            [
              -131.618523,
              55.591658
            ],
            [
              -131.618239,
              55.592228
            ],
            [
              -131.617887,
              55.592544
            ]
          ],
          [
            [
              -131.551748,
              55.585997
            ],
            [
              -131.551486,
              55.585697
            ],
            [
              -131.551376,
              55.585481
            ]
          ],
          [
            [
              -131.553215,
              55.588246
            ],
            [
              -131.553161,
              55.588172
            ],
            [
              -131.552967,
              55.587692
            ]
          ],
          [
            [
              -131.550883,
              55.584984
            ],
            [
              -131.55067,
              55.584827
            ],
            [
              -131.550366,
              55.584455
            ],
            [
              -131.550307,
              55.584428
            ]
          ],
          [
            [
              -131.583765,
              55.590651
            ],
            [
              -131.583512,
              55.590436
            ],
            [
              -131.583379,
              55.590273
            ],
            [
              -131.582976,
              55.590081
            ]
          ],
          [
            [
              -131.552915,
              55.587563
            ],
            [
              -131.552875,
              55.587464
            ],
            [
              -131.552714,
              55.586957
            ],
            [
              -131.552661,
              55.586909
            ]
          ],
          [
            [
              -131.588794,
              55.593148
            ],
            [
              -131.588218,
              55.593059
            ],
            [
              -131.587275,
              55.592894
            ],
            [
              -131.586863,
              55.592669
            ],
            [
              -131.586489,
              55.592468
            ],
            [
              -131.586216,
              55.592268
            ],
            [
              -131.585825,
              55.592252
            ],
            [
              -131.585586,
              55.592179
            ],
            [
              -131.585475,
              55.592052
            ]
          ],
          [
            [
              -131.572811,
              55.596268
            ],
            [
              -131.572602,
              55.596579
            ],
            [
              -131.572397,
              55.596724
            ]
          ],
          [
            [
              -131.570174,
              55.598621
            ],
            [
              -131.570055,
              55.598737
            ],
            [
              -131.569635,
              55.599035
            ],
            [
              -131.569495,
              55.599348
            ]
          ],
          [
            [
              -131.613931,
              55.594603
            ],
            [
              -131.613422,
              55.594497
            ],
            [
              -131.613259,
              55.594438
            ]
          ],
          [
            [
              -131.553962,
              55.590527
            ],
            [
              -131.553882,
              55.590294
            ],
            [
              -131.553972,
              55.589654
            ],
            [
              -131.553892,
              55.589401
            ]
          ],
          [
            [
              -131.573406,
              55.594321
            ],
            [
              -131.573491,
              55.594592
            ],
            [
              -131.574008,
              55.595014
            ],
            [
              -131.573681,
              55.595589
            ],
            [
              -131.573497,
              55.595728
            ]
          ],
          [
            [
              -131.553885,
              55.589378
            ],
            [
              -131.553764,
              55.588993
            ]
          ],
          [
            [
              -131.613044,
              55.595228
            ],
            [
              -131.613029,
              55.595266
            ],
            [
              -131.612575,
              55.595337
            ]
          ],
          [
            [
              -131.573215,
              55.593259
            ],
            [
              -131.573141,
              55.593562
            ],
            [
              -131.573376,
              55.594223
            ],
            [
              -131.573406,
              55.594321
            ]
          ],
          [
            [
              -131.554716,
              55.591927
            ],
            [
              -131.554504,
              55.591772
            ],
            [
              -131.554139,
              55.591048
            ],
            [
              -131.554114,
              55.590974
            ]
          ],
          [
            [
              -131.603226,
              55.594153
            ],
            [
              -131.603152,
              55.594356
            ],
            [
              -131.603141,
              55.59444
            ]
          ],
          [
            [
              -131.563474,
              55.597671
            ],
            [
              -131.56288,
              55.597635
            ],
            [
              -131.562624,
              55.597355
            ],
            [
              -131.562597,
              55.596881
            ],
            [
              -131.562562,
              55.596513
            ],
            [
              -131.562341,
              55.596112
            ],
            [
              -131.561657,
              55.595779
            ],
            [
              -131.560592,
              55.595501
            ],
            [
              -131.559574,
              55.595376
            ],
            [
              -131.558726,
              55.595084
            ]
          ],
          [
            [
              -131.615138,
              55.59432
            ],
            [
              -131.614002,
              55.594618
            ],
            [
              -131.613931,
              55.594603
            ]
          ],
          [
            [
              -131.613259,
              55.594438
            ],
            [
              -131.613038,
              55.594358
            ],
            [
              -131.612991,
              55.594512
            ],
            [
              -131.613164,
              55.594936
            ],
            [
              -131.613158,
              55.594951
            ]
          ],
          [
            [
              -131.551376,
              55.585481
            ],
            [
              -131.551267,
              55.585265
            ],
            [
              -131.550883,
              55.584984
            ]
          ],
          [
            [
              -131.550307,
              55.584428
            ],
            [
              -131.549629,
              55.584121
            ],
            [
              -131.549265,
              55.584164
            ]
          ],
          [
            [
              -131.598682,
              55.593812
            ],
            [
              -131.598366,
              55.593736
            ],
            [
              -131.598023,
              55.593707
            ],
            [
              -131.597491,
              55.593824
            ],
            [
              -131.597379,
              55.593846
            ]
          ],
          [
            [
              -131.582784,
              55.589974
            ],
            [
              -131.582494,
              55.589799
            ],
            [
              -131.582342,
              55.589712
            ],
            [
              -131.58213,
              55.58959
            ]
          ],
          [
            [
              -131.609765,
              55.594303
            ],
            [
              -131.609592,
              55.593612
            ],
            [
              -131.609595,
              55.593591
            ]
          ],
          [
            [
              -131.607087,
              55.592431
            ],
            [
              -131.606448,
              55.592509
            ],
            [
              -131.606406,
              55.592528
            ]
          ],
          [
            [
              -131.573226,
              55.595935
            ],
            [
              -131.572836,
              55.596232
            ],
            [
              -131.572811,
              55.596268
            ]
          ],
          [
            [
              -131.553474,
              55.588598
            ],
            [
              -131.553277,
              55.58833
            ]
          ],
          [
            [
              -131.558726,
              55.595084
            ],
            [
              -131.558407,
              55.594974
            ],
            [
              -131.558197,
              55.594813
            ]
          ],
          [
            [
              -131.616495,
              55.593605
            ],
            [
              -131.616319,
              55.593748
            ],
            [
              -131.615514,
              55.594161
            ]
          ],
          [
            [
              -131.545488,
              55.58482
            ],
            [
              -131.544833,
              55.58497
            ],
            [
              -131.544495,
              55.58525
            ]
          ],
          [
            [
              -131.618824,
              55.59004
            ],
            [
              -131.61868,
              55.590133
            ],
            [
              -131.618488,
              55.590296
            ]
          ],
          [
            [
              -131.542399,
              55.585343
            ],
            [
              -131.54183,
              55.585101
            ],
            [
              -131.54176,
              55.585038
            ]
          ],
          [
            [
              -131.546326,
              55.584554
            ],
            [
              -131.545762,
              55.584757
            ],
            [
              -131.545488,
              55.58482
            ]
          ],
          [
            [
              -131.590537,
              55.593055
            ],
            [
              -131.590484,
              55.593086
            ],
            [
              -131.590036,
              55.593147
            ],
            [
              -131.589711,
              55.593196
            ]
          ],
          [
            [
              -131.549265,
              55.584164
            ],
            [
              -131.548842,
              55.584214
            ],
            [
              -131.548215,
              55.58431
            ],
            [
              -131.547652,
              55.584239
            ],
            [
              -131.547587,
              55.584239
            ]
          ],
          [
            [
              -131.609548,
              55.592911
            ],
            [
              -131.609215,
              55.592608
            ],
            [
              -131.608681,
              55.592509
            ]
          ],
          [
            [
              -131.544495,
              55.58525
            ],
            [
              -131.544436,
              55.585299
            ],
            [
              -131.543911,
              55.585535
            ],
            [
              -131.543129,
              55.585521
            ],
            [
              -131.543003,
              55.585496
            ]
          ],
          [
            [
              -131.566379,
              55.599032
            ],
            [
              -131.56629,
              55.598962
            ],
            [
              -131.565929,
              55.598666
            ],
            [
              -131.565303,
              55.598257
            ],
            [
              -131.564646,
              55.597925
            ],
            [
              -131.563929,
              55.597699
            ],
            [
              -131.563474,
              55.597671
            ]
          ],
          [
            [
              -131.618423,
              55.590366
            ],
            [
              -131.61831,
              55.590548
            ],
            [
              -131.618279,
              55.590633
            ],
            [
              -131.618199,
              55.590764
            ],
            [
              -131.618575,
              55.591059
            ],
            [
              -131.61857,
              55.591157
            ]
          ],
          [
            [
              -131.575259,
              55.589722
            ],
            [
              -131.57534,
              55.589809
            ],
            [
              -131.574311,
              55.589883
            ],
            [
              -131.574251,
              55.589988
            ],
            [
              -131.574345,
              55.590235
            ],
            [
              -131.574411,
              55.590526
            ],
            [
              -131.574426,
              55.590756
            ],
            [
              -131.574462,
              55.590805
            ]
          ],
          [
            [
              -131.558197,
              55.594813
            ],
            [
              -131.557837,
              55.594536
            ],
            [
              -131.557783,
              55.594482
            ]
          ],
          [
            [
              -131.557761,
              55.594459
            ],
            [
              -131.557453,
              55.594147
            ],
            [
              -131.557045,
              55.593697
            ],
            [
              -131.556724,
              55.593363
            ]
          ],
          [
            [
              -131.589711,
              55.593196
            ],
            [
              -131.589485,
              55.59323
            ],
            [
              -131.588882,
              55.593162
            ],
            [
              -131.588794,
              55.593148
            ]
          ],
          [
            [
              -131.554114,
              55.590974
            ],
            [
              -131.553962,
              55.590527
            ]
          ],
          [
            [
              -131.603141,
              55.59444
            ],
            [
              -131.603118,
              55.594608
            ],
            [
              -131.60297,
              55.594731
            ]
          ],
          [
            [
              -131.547108,
              55.58424
            ],
            [
              -131.546789,
              55.58424
            ],
            [
              -131.546522,
              55.584452
            ]
          ],
          [
            [
              -131.570637,
              55.598167
            ],
            [
              -131.570174,
              55.598621
            ]
          ],
          [
            [
              -131.585475,
              55.592052
            ],
            [
              -131.585414,
              55.591982
            ],
            [
              -131.584885,
              55.591651
            ],
            [
              -131.584654,
              55.59143
            ],
            [
              -131.584188,
              55.591043
            ],
            [
              -131.583909,
              55.59078
            ]
          ],
          [
            [
              -131.552661,
              55.586909
            ],
            [
              -131.552096,
              55.586396
            ],
            [
              -131.551914,
              55.586187
            ]
          ],
          [
            [
              -131.617887,
              55.592544
            ],
            [
              -131.617705,
              55.592707
            ],
            [
              -131.617015,
              55.593183
            ],
            [
              -131.616495,
              55.593605
            ]
          ],
          [
            [
              -131.600734,
              55.593871
            ],
            [
              -131.600565,
              55.593899
            ],
            [
              -131.600115,
              55.593961
            ],
            [
              -131.599507,
              55.593973
            ]
          ],
          [
            [
              -131.612121,
              55.595372
            ],
            [
              -131.611966,
              55.595382
            ],
            [
              -131.611221,
              55.595391
            ],
            [
              -131.610719,
              55.595272
            ],
            [
              -131.610082,
              55.594953
            ]
          ],
          [
            [
              -131.553764,
              55.588993
            ],
            [
              -131.553474,
              55.588598
            ]
          ],
          [
            [
              -131.608681,
              55.592509
            ],
            [
              -131.608168,
              55.592413
            ],
            [
              -131.60719,
              55.592419
            ],
            [
              -131.607087,
              55.592431
            ]
          ],
          [
            [
              -131.569495,
              55.599348
            ],
            [
              -131.569451,
              55.599445
            ],
            [
              -131.568895,
              55.599741
            ],
            [
              -131.568111,
              55.599758
            ],
            [
              -131.567205,
              55.599544
            ]
          ],
          [
            [
              -131.556491,
              55.59316
            ],
            [
              -131.555909,
              55.592745
            ],
            [
              -131.555127,
              55.592227
            ],
            [
              -131.554716,
              55.591927
            ]
          ],
          [
            [
              -131.602646,
              55.594737
            ],
            [
              -131.6023,
              55.594754
            ],
            [
              -131.601998,
              55.594738
            ],
            [
              -131.60166,
              55.594618
            ],
            [
              -131.60167,
              55.594423
            ],
            [
              -131.601659,
              55.594262
            ],
            [
              -131.601487,
              55.594053
            ],
            [
              -131.60117,
              55.593933
            ],
            [
              -131.60081,
              55.593858
            ],
            [
              -131.600734,
              55.593871
            ]
          ],
          [
            [
              -131.57182,
              55.597065
            ],
            [
              -131.57157,
              55.597204
            ],
            [
              -131.571193,
              55.597671
            ],
            [
              -131.570654,
              55.598151
            ],
            [
              -131.570637,
              55.598167
            ]
          ],
          [
            [
              -131.609631,
              55.593283
            ],
            [
              -131.609663,
              55.593015
            ],
            [
              -131.609548,
              55.592911
            ]
          ],
          [
            [
              -131.609949,
              55.594746
            ],
            [
              -131.609787,
              55.594391
            ],
            [
              -131.609765,
              55.594303
            ]
          ],
          [
            [
              -131.606406,
              55.592528
            ],
            [
              -131.606178,
              55.59263
            ],
            [
              -131.60577,
              55.592692
            ],
            [
              -131.605299,
              55.592788
            ],
            [
              -131.604847,
              55.592929
            ],
            [
              -131.60431,
              55.593126
            ],
            [
              -131.603672,
              55.593333
            ],
            [
              -131.603375,
              55.59358
            ],
            [
              -131.603442,
              55.593845
            ],
            [
              -131.603295,
              55.594033
            ]
          ],
          [
            [
              -131.574437,
              55.589005
            ],
            [
              -131.574964,
              55.589406
            ],
            [
              -131.575259,
              55.589722
            ]
          ],
          [
            [
              -131.567205,
              55.599544
            ],
            [
              -131.566861,
              55.599415
            ],
            [
              -131.566379,
              55.599032
            ]
          ],
          [
            [
              -131.541523,
              55.584827
            ],
            [
              -131.541341,
              55.584664
            ],
            [
              -131.541187,
              55.584486
            ]
          ],
          [
            [
              -131.597379,
              55.593846
            ],
            [
              -131.596897,
              55.593941
            ],
            [
              -131.596266,
              55.59401
            ],
            [
              -131.59574,
              55.594013
            ],
            [
              -131.595275,
              55.594005
            ],
            [
              -131.594571,
              55.593912
            ],
            [
              -131.593848,
              55.593785
            ],
            [
              -131.593229,
              55.593637
            ],
            [
              -131.592918,
              55.593391
            ],
            [
              -131.592608,
              55.593122
            ],
            [
              -131.592458,
              55.59289
            ],
            [
              -131.592056,
              55.592861
            ],
            [
              -131.591608,
              55.592887
            ],
            [
              -131.591185,
              55.592869
            ],
            [
              -131.590715,
              55.592952
            ],
            [
              -131.590537,
              55.593055
            ]
          ],
          [
            [
              -131.573989,
              55.592512
            ],
            [
              -131.573784,
              55.592656
            ],
            [
              -131.573578,
              55.592839
            ]
          ],
          [
            [
              -131.574462,
              55.590805
            ],
            [
              -131.574678,
              55.591096
            ],
            [
              -131.574985,
              55.591407
            ],
            [
              -131.575288,
              55.591795
            ],
            [
              -131.574838,
              55.592123
            ],
            [
              -131.574341,
              55.592303
            ]
          ],
          [
            [
              -131.58213,
              55.58959
            ],
            [
              -131.582061,
              55.589551
            ],
            [
              -131.581585,
              55.589394
            ],
            [
              -131.580867,
              55.589175
            ],
            [
              -131.580259,
              55.588821
            ],
            [
              -131.579228,
              55.588402
            ],
            [
              -131.578536,
              55.588103
            ],
            [
              -131.577322,
              55.587704
            ],
            [
              -131.576524,
              55.587484
            ],
            [
              -131.575843,
              55.587358
            ],
            [
              -131.575154,
              55.58738
            ],
            [
              -131.574513,
              55.587633
            ],
            [
              -131.574273,
              55.58795
            ],
            [
              -131.573985,
              55.588415
            ],
            [
              -131.574146,
              55.588663
            ]
          ]
        ]
      },
      "properties": {
        "id": "naha-river",
        "name": "Naha River",
        "status": "existing",
        "corridorId": null,
        "landManagers": [
          "USDA Forest Service"
        ],
        "lengthMi": 4.87,
        "elevationGainFt": 40,
        "difficulty": "moderate",
        "surface": "native",
        "seasonality": "Snow-free May–October",
        "connectsTo": [
          "north-tongass-coastal"
        ],
        "summary": "Existing National Recreation Trail at the north end of the island. Not on a Phase 1 priority corridor; it shows how far the built network already reaches.",
        "whatItNeeds": null,
        "sourceRef": "usfs-nfs-trails",
        "updatedAt": "2026-08-28"
      }
    },
    {
      "type": "Feature",
      "id": "north-tongass-coastal",
      "geometry": {
        "type": "LineString",
        "coordinates": [
          [
            -131.7488,
            55.4086
          ],
          [
            -131.7364,
            55.4248
          ],
          [
            -131.7182,
            55.4486
          ],
          [
            -131.6924,
            55.4782
          ],
          [
            -131.6628,
            55.5124
          ],
          [
            -131.6284,
            55.5486
          ],
          [
            -131.5862,
            55.5724
          ],
          [
            -131.5428,
            55.5926
          ]
        ]
      },
      "properties": {
        "id": "north-tongass-coastal",
        "name": "North Tongass coastal connector",
        "status": "proposed",
        "corridorId": "north-tongass-coastal",
        "landManagers": [
          "Alaska Mental Health Trust",
          "Ketchikan Gateway Borough",
          "State of Alaska",
          "USDA Forest Service"
        ],
        "lengthMi": 15.29,
        "elevationGainFt": 7690,
        "difficulty": null,
        "surface": "unbuilt",
        "seasonality": "Snow-free May–October",
        "connectsTo": [
          "lunch-creek",
          "naha-river",
          "refuge-cove-coastal"
        ],
        "summary": "Conceptual alignment only — not surveyed. A coastal walking connection along North Tongass so the highway is not the only public route between the north-end communities and the interior trails.",
        "whatItNeeds": "Right-of-way conversations with the Borough, State, and shoreline landowners, then a surveyed line. This is not a road project.",
        "sourceRef": "hand-drawn-concept",
        "updatedAt": "2026-08-28"
      }
    },
    {
      "type": "Feature",
      "id": "perseverance-trail",
      "geometry": {
        "type": "MultiLineString",
        "coordinates": [
          [
            [
              -131.672505,
              55.41429
            ],
            [
              -131.672491,
              55.414279
            ],
            [
              -131.67235,
              55.414196
            ],
            [
              -131.672195,
              55.414158
            ],
            [
              -131.672076,
              55.414184
            ],
            [
              -131.67203,
              55.414174
            ]
          ],
          [
            [
              -131.676376,
              55.415857
            ],
            [
              -131.676305,
              55.415868
            ],
            [
              -131.676277,
              55.415868
            ],
            [
              -131.676165,
              55.415861
            ],
            [
              -131.676028,
              55.415871
            ],
            [
              -131.67591,
              55.415779
            ]
          ],
          [
            [
              -131.678942,
              55.412914
            ],
            [
              -131.678907,
              55.41307
            ],
            [
              -131.678739,
              55.413154
            ],
            [
              -131.67871,
              55.413121
            ],
            [
              -131.678677,
              55.413168
            ]
          ],
          [
            [
              -131.669562,
              55.411698
            ],
            [
              -131.669505,
              55.411635
            ],
            [
              -131.669335,
              55.411255
            ]
          ],
          [
            [
              -131.6736,
              55.415407
            ],
            [
              -131.673588,
              55.415291
            ],
            [
              -131.6736,
              55.415265
            ],
            [
              -131.673649,
              55.415187
            ],
            [
              -131.673823,
              55.41502
            ],
            [
              -131.673981,
              55.414864
            ],
            [
              -131.673997,
              55.414736
            ],
            [
              -131.674005,
              55.414644
            ]
          ],
          [
            [
              -131.67842,
              55.414224
            ],
            [
              -131.678387,
              55.414341
            ],
            [
              -131.678405,
              55.414567
            ],
            [
              -131.678357,
              55.414643
            ]
          ],
          [
            [
              -131.681825,
              55.413548
            ],
            [
              -131.681794,
              55.413526
            ],
            [
              -131.681561,
              55.413356
            ],
            [
              -131.681506,
              55.41332
            ]
          ],
          [
            [
              -131.674988,
              55.415456
            ],
            [
              -131.674899,
              55.415447
            ],
            [
              -131.674857,
              55.415389
            ],
            [
              -131.6749,
              55.41513
            ],
            [
              -131.674905,
              55.415115
            ],
            [
              -131.674827,
              55.415051
            ]
          ],
          [
            [
              -131.694114,
              55.415374
            ],
            [
              -131.694075,
              55.415414
            ],
            [
              -131.693816,
              55.41581
            ]
          ],
          [
            [
              -131.680403,
              55.412405
            ],
            [
              -131.680384,
              55.412392
            ],
            [
              -131.680288,
              55.41233
            ],
            [
              -131.680093,
              55.412262
            ],
            [
              -131.680009,
              55.412242
            ],
            [
              -131.67992,
              55.412232
            ]
          ],
          [
            [
              -131.674602,
              55.414685
            ],
            [
              -131.67455,
              55.41481
            ],
            [
              -131.674472,
              55.414942
            ],
            [
              -131.674325,
              55.415055
            ]
          ],
          [
            [
              -131.685485,
              55.418748
            ],
            [
              -131.68546,
              55.418706
            ],
            [
              -131.685473,
              55.418679
            ],
            [
              -131.685492,
              55.418648
            ],
            [
              -131.685393,
              55.418569
            ],
            [
              -131.685362,
              55.418537
            ],
            [
              -131.685345,
              55.418471
            ],
            [
              -131.685289,
              55.418397
            ]
          ],
          [
            [
              -131.691827,
              55.416554
            ],
            [
              -131.691586,
              55.417003
            ]
          ],
          [
            [
              -131.693064,
              55.413955
            ],
            [
              -131.693064,
              55.414234
            ],
            [
              -131.693407,
              55.414409
            ]
          ],
          [
            [
              -131.678677,
              55.413168
            ],
            [
              -131.678717,
              55.413248
            ],
            [
              -131.678736,
              55.413456
            ],
            [
              -131.678685,
              55.413528
            ]
          ],
          [
            [
              -131.684658,
              55.417354
            ],
            [
              -131.684634,
              55.417289
            ],
            [
              -131.684536,
              55.417174
            ],
            [
              -131.68451,
              55.417095
            ],
            [
              -131.684467,
              55.417044
            ],
            [
              -131.684401,
              55.41699
            ],
            [
              -131.684327,
              55.416946
            ],
            [
              -131.684289,
              55.416941
            ]
          ],
          [
            [
              -131.673768,
              55.414042
            ],
            [
              -131.673535,
              55.414089
            ],
            [
              -131.673238,
              55.414139
            ],
            [
              -131.67321,
              55.414152
            ],
            [
              -131.67312,
              55.414163
            ],
            [
              -131.672861,
              55.414214
            ]
          ],
          [
            [
              -131.682406,
              55.414197
            ],
            [
              -131.68236,
              55.414069
            ],
            [
              -131.682269,
              55.413978
            ],
            [
              -131.682205,
              55.413912
            ]
          ],
          [
            [
              -131.674325,
              55.415055
            ],
            [
              -131.67412,
              55.415191
            ],
            [
              -131.673916,
              55.415293
            ],
            [
              -131.673758,
              55.415414
            ],
            [
              -131.673602,
              55.415427
            ],
            [
              -131.6736,
              55.415407
            ]
          ],
          [
            [
              -131.679086,
              55.4125
            ],
            [
              -131.679053,
              55.41257
            ],
            [
              -131.679018,
              55.412689
            ],
            [
              -131.67895,
              55.41288
            ],
            [
              -131.678942,
              55.412914
            ]
          ],
          [
            [
              -131.676885,
              55.415749
            ],
            [
              -131.676842,
              55.415773
            ],
            [
              -131.676776,
              55.415796
            ],
            [
              -131.676569,
              55.415827
            ],
            [
              -131.676376,
              55.415857
            ]
          ],
          [
            [
              -131.693514,
              55.412761
            ],
            [
              -131.693574,
              55.413054
            ],
            [
              -131.693449,
              55.413311
            ]
          ],
          [
            [
              -131.691586,
              55.417003
            ],
            [
              -131.691564,
              55.417044
            ],
            [
              -131.691134,
              55.417454
            ],
            [
              -131.691041,
              55.417478
            ]
          ],
          [
            [
              -131.67591,
              55.415779
            ],
            [
              -131.675825,
              55.415712
            ],
            [
              -131.675633,
              55.415548
            ],
            [
              -131.675554,
              55.415558
            ],
            [
              -131.675416,
              55.415559
            ],
            [
              -131.675211,
              55.415553
            ]
          ],
          [
            [
              -131.668779,
              55.410526
            ],
            [
              -131.668576,
              55.410192
            ]
          ],
          [
            [
              -131.668576,
              55.410192
            ],
            [
              -131.668475,
              55.410025
            ],
            [
              -131.668454,
              55.409905
            ],
            [
              -131.668345,
              55.409835
            ],
            [
              -131.668305,
              55.409835
            ]
          ],
          [
            [
              -131.687032,
              55.419062
            ],
            [
              -131.686945,
              55.419084
            ],
            [
              -131.686705,
              55.419138
            ],
            [
              -131.686466,
              55.419165
            ],
            [
              -131.686445,
              55.419164
            ],
            [
              -131.686059,
              55.419109
            ],
            [
              -131.685926,
              55.419082
            ],
            [
              -131.685759,
              55.419014
            ],
            [
              -131.685717,
              55.419006
            ],
            [
              -131.685631,
              55.418981
            ],
            [
              -131.685544,
              55.418856
            ],
            [
              -131.685544,
              55.418846
            ],
            [
              -131.685485,
              55.418748
            ]
          ],
          [
            [
              -131.678688,
              55.413622
            ],
            [
              -131.678618,
              55.413684
            ],
            [
              -131.678622,
              55.413776
            ],
            [
              -131.678499,
              55.413951
            ]
          ],
          [
            [
              -131.691041,
              55.417478
            ],
            [
              -131.690554,
              55.417604
            ],
            [
              -131.690105,
              55.417751
            ]
          ],
          [
            [
              -131.682797,
              55.415561
            ],
            [
              -131.682723,
              55.415514
            ],
            [
              -131.68266,
              55.415486
            ],
            [
              -131.682648,
              55.415454
            ],
            [
              -131.68258,
              55.41532
            ],
            [
              -131.682576,
              55.415169
            ],
            [
              -131.682618,
              55.415008
            ],
            [
              -131.682618,
              55.414926
            ],
            [
              -131.682572,
              55.414878
            ],
            [
              -131.682551,
              55.414835
            ],
            [
              -131.682655,
              55.414673
            ],
            [
              -131.68262,
              55.414586
            ],
            [
              -131.682587,
              55.414575
            ],
            [
              -131.682515,
              55.414484
            ]
          ],
          [
            [
              -131.674827,
              55.415051
            ],
            [
              -131.67477,
              55.415002
            ],
            [
              -131.67484,
              55.414843
            ],
            [
              -131.674862,
              55.414741
            ]
          ],
          [
            [
              -131.693803,
              55.411627
            ],
            [
              -131.693759,
              55.411931
            ]
          ],
          [
            [
              -131.673889,
              55.414342
            ],
            [
              -131.673899,
              55.41422
            ],
            [
              -131.673894,
              55.41419
            ],
            [
              -131.673886,
              55.414137
            ],
            [
              -131.673816,
              55.414081
            ],
            [
              -131.673768,
              55.414042
            ]
          ],
          [
            [
              -131.671804,
              55.414137
            ],
            [
              -131.671652,
              55.414117
            ],
            [
              -131.671509,
              55.413982
            ],
            [
              -131.671447,
              55.413863
            ],
            [
              -131.671382,
              55.413796
            ]
          ],
          [
            [
              -131.693816,
              55.41581
            ],
            [
              -131.693794,
              55.415844
            ],
            [
              -131.693554,
              55.416014
            ],
            [
              -131.693104,
              55.416184
            ],
            [
              -131.692583,
              55.4162
            ]
          ],
          [
            [
              -131.695516,
              55.409765
            ],
            [
              -131.69538,
              55.40974
            ],
            [
              -131.695272,
              55.409737
            ],
            [
              -131.694934,
              55.409854
            ],
            [
              -131.694859,
              55.409902
            ]
          ],
          [
            [
              -131.682515,
              55.414484
            ],
            [
              -131.682495,
              55.414458
            ],
            [
              -131.682438,
              55.414338
            ],
            [
              -131.682425,
              55.414252
            ],
            [
              -131.682406,
              55.414197
            ]
          ],
          [
            [
              -131.681506,
              55.41332
            ],
            [
              -131.681443,
              55.41325
            ],
            [
              -131.681362,
              55.413162
            ],
            [
              -131.681293,
              55.413044
            ],
            [
              -131.681218,
              55.412992
            ],
            [
              -131.681145,
              55.412929
            ],
            [
              -131.680975,
              55.412808
            ],
            [
              -131.68079,
              55.412699
            ],
            [
              -131.680748,
              55.412637
            ],
            [
              -131.680635,
              55.412488
            ],
            [
              -131.680519,
              55.412481
            ],
            [
              -131.680478,
              55.412454
            ]
          ],
          [
            [
              -131.687792,
              55.418867
            ],
            [
              -131.687635,
              55.418914
            ],
            [
              -131.687032,
              55.419062
            ]
          ],
          [
            [
              -131.69329,
              55.413573
            ],
            [
              -131.693064,
              55.413844
            ],
            [
              -131.693064,
              55.413955
            ]
          ],
          [
            [
              -131.690105,
              55.417751
            ],
            [
              -131.689914,
              55.417814
            ],
            [
              -131.689804,
              55.417904
            ],
            [
              -131.689484,
              55.418244
            ],
            [
              -131.689204,
              55.418444
            ],
            [
              -131.687792,
              55.418867
            ]
          ],
          [
            [
              -131.692583,
              55.4162
            ],
            [
              -131.692445,
              55.416204
            ],
            [
              -131.69211,
              55.416366
            ]
          ],
          [
            [
              -131.683391,
              55.416331
            ],
            [
              -131.683374,
              55.416324
            ],
            [
              -131.6833,
              55.416269
            ],
            [
              -131.68329,
              55.416139
            ],
            [
              -131.683266,
              55.416096
            ],
            [
              -131.683249,
              55.415986
            ],
            [
              -131.683185,
              55.415909
            ]
          ],
          [
            [
              -131.694,
              55.414788
            ],
            [
              -131.694072,
              55.415159
            ]
          ],
          [
            [
              -131.684822,
              55.417881
            ],
            [
              -131.684809,
              55.417861
            ],
            [
              -131.684784,
              55.417835
            ],
            [
              -131.684729,
              55.417783
            ],
            [
              -131.684716,
              55.417724
            ],
            [
              -131.684719,
              55.417562
            ]
          ]
        ]
      },
      "properties": {
        "id": "perseverance-trail",
        "name": "Perseverance Trail",
        "status": "needs-work",
        "corridorId": "downtown-to-ward-lake",
        "landManagers": [
          "USDA Forest Service"
        ],
        "lengthMi": 1.587,
        "elevationGainFt": 30,
        "difficulty": "moderate",
        "surface": "native",
        "seasonality": "Snow-free May–October",
        "connectsTo": [
          "minerva-mountain",
          "ward-creek",
          "ward-lake-nature-trail",
          "ward-lake-to-connell"
        ],
        "summary": "A historic connection north of town. It exists, but sections are brushed over and the tread is uneven — a built mile that does not yet carry the network.",
        "whatItNeeds": "Brushing, tread repair, and a current condition walk with the Forest Service.",
        "sourceRef": "usfs-nfs-trails",
        "updatedAt": "2026-08-28"
      }
    },
    {
      "type": "Feature",
      "id": "pipeline-trail",
      "geometry": {
        "type": "MultiLineString",
        "coordinates": [
          [
            [
              -131.695605,
              55.425769
            ],
            [
              -131.695793,
              55.425618
            ],
            [
              -131.695459,
              55.425388
            ],
            [
              -131.695164,
              55.424853
            ],
            [
              -131.695113,
              55.424827
            ]
          ],
          [
            [
              -131.674694,
              55.434363
            ],
            [
              -131.67566,
              55.434588
            ],
            [
              -131.676409,
              55.434716
            ],
            [
              -131.677032,
              55.434778
            ],
            [
              -131.677892,
              55.434908
            ],
            [
              -131.678323,
              55.435124
            ],
            [
              -131.678684,
              55.435266
            ],
            [
              -131.678975,
              55.435345
            ],
            [
              -131.679454,
              55.435352
            ],
            [
              -131.679862,
              55.435296
            ],
            [
              -131.680256,
              55.435156
            ],
            [
              -131.680876,
              55.434936
            ],
            [
              -131.68125,
              55.434827
            ],
            [
              -131.681476,
              55.434728
            ],
            [
              -131.681488,
              55.434723
            ],
            [
              -131.681551,
              55.434695
            ],
            [
              -131.681683,
              55.434643
            ],
            [
              -131.682192,
              55.43437
            ],
            [
              -131.682811,
              55.433874
            ],
            [
              -131.683617,
              55.433577
            ],
            [
              -131.684371,
              55.433337
            ],
            [
              -131.685872,
              55.433024
            ],
            [
              -131.686722,
              55.43284
            ],
            [
              -131.687478,
              55.432571
            ],
            [
              -131.688288,
              55.432219
            ],
            [
              -131.688708,
              55.43172
            ],
            [
              -131.688941,
              55.431048
            ],
            [
              -131.689063,
              55.430572
            ],
            [
              -131.689378,
              55.430211
            ],
            [
              -131.690095,
              55.429717
            ],
            [
              -131.691048,
              55.429479
            ],
            [
              -131.691913,
              55.428987
            ],
            [
              -131.692953,
              55.427991
            ],
            [
              -131.693028,
              55.427896
            ]
          ],
          [
            [
              -131.723302,
              55.41197
            ],
            [
              -131.723192,
              55.411727
            ],
            [
              -131.723088,
              55.411415
            ],
            [
              -131.723345,
              55.411109
            ],
            [
              -131.723594,
              55.410975
            ]
          ],
          [
            [
              -131.693028,
              55.427896
            ],
            [
              -131.693482,
              55.427325
            ],
            [
              -131.693783,
              55.427101
            ]
          ],
          [
            [
              -131.700953,
              55.42277
            ],
            [
              -131.701097,
              55.422776
            ],
            [
              -131.701517,
              55.422576
            ],
            [
              -131.70217,
              55.422224
            ],
            [
              -131.702677,
              55.422103
            ],
            [
              -131.703188,
              55.421879
            ],
            [
              -131.703474,
              55.421599
            ],
            [
              -131.703484,
              55.421393
            ],
            [
              -131.703694,
              55.420827
            ],
            [
              -131.703991,
              55.420366
            ],
            [
              -131.704291,
              55.419828
            ],
            [
              -131.704692,
              55.419085
            ],
            [
              -131.705218,
              55.418551
            ],
            [
              -131.705879,
              55.41807
            ],
            [
              -131.706587,
              55.417539
            ],
            [
              -131.707233,
              55.417342
            ],
            [
              -131.708054,
              55.417278
            ],
            [
              -131.7091,
              55.417256
            ],
            [
              -131.70953,
              55.41716
            ],
            [
              -131.710519,
              55.416762
            ],
            [
              -131.711134,
              55.4166
            ],
            [
              -131.712308,
              55.416136
            ],
            [
              -131.713173,
              55.415805
            ],
            [
              -131.714453,
              55.415654
            ],
            [
              -131.715614,
              55.415466
            ],
            [
              -131.716653,
              55.41531
            ],
            [
              -131.717386,
              55.415184
            ],
            [
              -131.71752,
              55.41491
            ]
          ],
          [
            [
              -131.698112,
              55.422259
            ],
            [
              -131.698184,
              55.422272
            ],
            [
              -131.6982,
              55.422275
            ],
            [
              -131.698394,
              55.42234
            ],
            [
              -131.699149,
              55.422591
            ],
            [
              -131.699356,
              55.42266
            ],
            [
              -131.699736,
              55.42269
            ],
            [
              -131.700325,
              55.422736
            ],
            [
              -131.700507,
              55.422751
            ],
            [
              -131.700953,
              55.42277
            ]
          ],
          [
            [
              -131.693783,
              55.427101
            ],
            [
              -131.69456,
              55.426526
            ],
            [
              -131.695484,
              55.425866
            ],
            [
              -131.695605,
              55.425769
            ]
          ],
          [
            [
              -131.718271,
              55.413937
            ],
            [
              -131.718733,
              55.413689
            ],
            [
              -131.719039,
              55.413625
            ],
            [
              -131.719581,
              55.413702
            ],
            [
              -131.719649,
              55.413706
            ]
          ],
          [
            [
              -131.695113,
              55.424827
            ],
            [
              -131.694968,
              55.424753
            ],
            [
              -131.694772,
              55.424653
            ],
            [
              -131.69447,
              55.424585
            ],
            [
              -131.694443,
              55.424577
            ]
          ],
          [
            [
              -131.719649,
              55.413706
            ],
            [
              -131.720366,
              55.413749
            ],
            [
              -131.720977,
              55.413656
            ],
            [
              -131.721539,
              55.41332
            ],
            [
              -131.722166,
              55.412882
            ],
            [
              -131.722918,
              55.412377
            ],
            [
              -131.723302,
              55.41197
            ]
          ],
          [
            [
              -131.71752,
              55.41491
            ],
            [
              -131.71766,
              55.414533
            ],
            [
              -131.717799,
              55.414191
            ],
            [
              -131.717934,
              55.414118
            ]
          ]
        ]
      },
      "properties": {
        "id": "pipeline-trail",
        "name": "Pipeline Trail",
        "status": "existing",
        "corridorId": "downtown-to-ward-lake",
        "landManagers": [
          "Tongass National Forest (boundary — parcel unconfirmed)"
        ],
        "lengthMi": 2.713,
        "elevationGainFt": 20,
        "difficulty": "moderate",
        "surface": "native",
        "seasonality": "Snow-free May–October",
        "connectsTo": [
          "salvage-trail",
          "ward-creek",
          "ward-lake-to-connell"
        ],
        "summary": "Existing trail in the Ward drainage. One of the pieces already on the ground between town and the lake.",
        "whatItNeeds": null,
        "sourceRef": "usfs-nfs-trails",
        "updatedAt": "2026-08-28"
      }
    },
    {
      "type": "Feature",
      "id": "rainbird-to-carlanna",
      "geometry": {
        "type": "LineString",
        "coordinates": [
          [
            -131.6582,
            55.3512
          ],
          [
            -131.6614,
            55.3531
          ],
          [
            -131.6658,
            55.3554
          ],
          [
            -131.6695,
            55.3572
          ],
          [
            -131.6721,
            55.3586
          ]
        ]
      },
      "properties": {
        "id": "rainbird-to-carlanna",
        "name": "Rainbird to Carlanna",
        "status": "proposed",
        "corridorId": "downtown-to-ward-lake",
        "landManagers": [
          "Alaska Mental Health Trust",
          "State of Alaska",
          "USDA Forest Service"
        ],
        "lengthMi": 0.748,
        "elevationGainFt": 540,
        "difficulty": null,
        "surface": "unbuilt",
        "seasonality": "Snow-free May–October",
        "connectsTo": [
          "rainbird-trail"
        ],
        "summary": "Conceptual alignment only — not surveyed. The missing hillside connection between Rainbird and Carlanna Lake, so downtown does not dead-end at the first neighborhood trail.",
        "whatItNeeds": "A surveyed alignment, City and Borough agreement, and a construction package. Do not treat this line as engineered.",
        "sourceRef": "hand-drawn-concept",
        "updatedAt": "2026-08-28"
      }
    },
    {
      "type": "Feature",
      "id": "rainbird-trail",
      "geometry": {
        "type": "LineString",
        "coordinates": [
          [
            -131.6486,
            55.3448
          ],
          [
            -131.6518,
            55.3466
          ],
          [
            -131.6548,
            55.3488
          ],
          [
            -131.6582,
            55.3512
          ]
        ]
      },
      "properties": {
        "id": "rainbird-trail",
        "name": "Rainbird Trail",
        "status": "existing",
        "corridorId": "downtown-to-ward-lake",
        "landManagers": [
          "City of Ketchikan"
        ],
        "lengthMi": 0.582,
        "elevationGainFt": 320,
        "difficulty": null,
        "surface": "native",
        "seasonality": "Year-round below the snow line; icy in winter",
        "connectsTo": [
          "rainbird-to-carlanna"
        ],
        "summary": "The downtown hillside trail residents already use. Alignment is approximate until the Borough publishes a trails FeatureServer. South anchor of the downtown-to-Ward spine.",
        "whatItNeeds": null,
        "sourceRef": "hand-attributed-pending-borough-gis",
        "updatedAt": "2026-08-28"
      }
    },
    {
      "type": "Feature",
      "id": "refuge-cove-coastal",
      "geometry": {
        "type": "LineString",
        "coordinates": [
          [
            -131.7548,
            55.4032
          ],
          [
            -131.7516,
            55.4058
          ],
          [
            -131.7488,
            55.4086
          ]
        ]
      },
      "properties": {
        "id": "refuge-cove-coastal",
        "name": "Refuge Cove Coastal Trail",
        "status": "existing",
        "corridorId": "north-tongass-coastal",
        "landManagers": [
          "Ketchikan Gateway Borough",
          "State of Alaska"
        ],
        "lengthMi": 0.442,
        "elevationGainFt": 130,
        "difficulty": null,
        "surface": "native",
        "seasonality": "Snow-free May–October",
        "connectsTo": [
          "north-tongass-coastal"
        ],
        "summary": "Existing coastal trail at Refuge Cove State Recreation Site. Alignment is approximate pending Borough GIS. The built start of the north-highway walking idea.",
        "whatItNeeds": null,
        "sourceRef": "hand-attributed-pending-borough-gis",
        "updatedAt": "2026-08-28"
      }
    },
    {
      "type": "Feature",
      "id": "salvage-trail",
      "geometry": {
        "type": "MultiLineString",
        "coordinates": [
          [
            [
              -131.679497,
              55.438608
            ],
            [
              -131.679366,
              55.438604
            ],
            [
              -131.679326,
              55.438596
            ],
            [
              -131.679245,
              55.43858
            ],
            [
              -131.679111,
              55.438536
            ],
            [
              -131.678979,
              55.438485
            ],
            [
              -131.678836,
              55.438431
            ]
          ],
          [
            [
              -131.697749,
              55.422501
            ],
            [
              -131.697674,
              55.422525
            ],
            [
              -131.697529,
              55.422532
            ],
            [
              -131.697396,
              55.422524
            ],
            [
              -131.697303,
              55.4225
            ],
            [
              -131.697287,
              55.422488
            ],
            [
              -131.697238,
              55.422578
            ],
            [
              -131.697413,
              55.422638
            ],
            [
              -131.697475,
              55.422715
            ],
            [
              -131.697393,
              55.422795
            ],
            [
              -131.697328,
              55.422853
            ]
          ],
          [
            [
              -131.697782,
              55.423986
            ],
            [
              -131.697786,
              55.42402
            ],
            [
              -131.697824,
              55.424159
            ],
            [
              -131.697913,
              55.424363
            ]
          ],
          [
            [
              -131.696316,
              55.423232
            ],
            [
              -131.696375,
              55.423404
            ],
            [
              -131.696479,
              55.423544
            ],
            [
              -131.696718,
              55.423649
            ],
            [
              -131.696972,
              55.423672
            ],
            [
              -131.697283,
              55.423652
            ],
            [
              -131.697322,
              55.423657
            ]
          ],
          [
            [
              -131.697322,
              55.423657
            ],
            [
              -131.697526,
              55.423681
            ],
            [
              -131.697681,
              55.42369
            ],
            [
              -131.697764,
              55.423818
            ],
            [
              -131.697782,
              55.423986
            ]
          ],
          [
            [
              -131.689129,
              55.432696
            ],
            [
              -131.689117,
              55.432726
            ],
            [
              -131.689042,
              55.432814
            ],
            [
              -131.688946,
              55.432954
            ],
            [
              -131.688924,
              55.432995
            ],
            [
              -131.688893,
              55.433053
            ],
            [
              -131.688841,
              55.433107
            ],
            [
              -131.688816,
              55.433134
            ],
            [
              -131.688764,
              55.433201
            ],
            [
              -131.688734,
              55.43324
            ],
            [
              -131.68867,
              55.433327
            ],
            [
              -131.688643,
              55.433351
            ],
            [
              -131.688605,
              55.433386
            ],
            [
              -131.688581,
              55.433396
            ],
            [
              -131.688519,
              55.433424
            ],
            [
              -131.688365,
              55.433488
            ],
            [
              -131.688206,
              55.43356
            ],
            [
              -131.688135,
              55.433597
            ]
          ],
          [
            [
              -131.688135,
              55.433597
            ],
            [
              -131.688096,
              55.433618
            ],
            [
              -131.688051,
              55.433641
            ],
            [
              -131.68805,
              55.433641
            ],
            [
              -131.687903,
              55.433716
            ],
            [
              -131.687807,
              55.433763
            ],
            [
              -131.687793,
              55.433774
            ],
            [
              -131.687769,
              55.433792
            ],
            [
              -131.68768,
              55.433886
            ],
            [
              -131.687657,
              55.433912
            ],
            [
              -131.687599,
              55.433978
            ],
            [
              -131.687537,
              55.434072
            ],
            [
              -131.68745,
              55.434162
            ],
            [
              -131.687346,
              55.434257
            ],
            [
              -131.687232,
              55.43437
            ],
            [
              -131.687128,
              55.434449
            ],
            [
              -131.6871,
              55.43447
            ],
            [
              -131.687014,
              55.434533
            ],
            [
              -131.686895,
              55.434581
            ],
            [
              -131.686812,
              55.434601
            ],
            [
              -131.686655,
              55.434705
            ],
            [
              -131.686525,
              55.434779
            ],
            [
              -131.686417,
              55.434841
            ],
            [
              -131.686389,
              55.434857
            ],
            [
              -131.686326,
              55.434887
            ],
            [
              -131.686225,
              55.434934
            ],
            [
              -131.686198,
              55.434945
            ],
            [
              -131.6861,
              55.434986
            ],
            [
              -131.686009,
              55.435012
            ],
            [
              -131.685937,
              55.435024
            ],
            [
              -131.685915,
              55.435028
            ],
            [
              -131.685713,
              55.435031
            ],
            [
              -131.685712,
              55.435031
            ],
            [
              -131.685483,
              55.43503
            ],
            [
              -131.685415,
              55.435041
            ],
            [
              -131.685396,
              55.435044
            ],
            [
              -131.685214,
              55.435093
            ],
            [
              -131.685098,
              55.435123
            ],
            [
              -131.685052,
              55.435135
            ],
            [
              -131.685001,
              55.435146
            ],
            [
              -131.684908,
              55.435165
            ],
            [
              -131.684738,
              55.435196
            ],
            [
              -131.684631,
              55.435213
            ],
            [
              -131.68463,
              55.435213
            ],
            [
              -131.684568,
              55.435222
            ],
            [
              -131.684416,
              55.435239
            ],
            [
              -131.684397,
              55.43524
            ],
            [
              -131.684325,
              55.435242
            ],
            [
              -131.684125,
              55.435254
            ],
            [
              -131.684058,
              55.43526
            ],
            [
              -131.683939,
              55.43527
            ],
            [
              -131.683873,
              55.43528
            ],
            [
              -131.68382,
              55.435289
            ],
            [
              -131.683725,
              55.435311
            ],
            [
              -131.68363,
              55.435364
            ],
            [
              -131.683578,
              55.435407
            ],
            [
              -131.683534,
              55.435443
            ],
            [
              -131.683497,
              55.435466
            ],
            [
              -131.68342,
              55.435513
            ]
          ],
          [
            [
              -131.698184,
              55.422272
            ],
            [
              -131.698031,
              55.422354
            ],
            [
              -131.697894,
              55.422437
            ],
            [
              -131.697797,
              55.422486
            ],
            [
              -131.697749,
              55.422501
            ]
          ],
          [
            [
              -131.68225,
              55.437775
            ],
            [
              -131.682219,
              55.437811
            ],
            [
              -131.682151,
              55.437888
            ],
            [
              -131.682068,
              55.437943
            ],
            [
              -131.681942,
              55.438025
            ],
            [
              -131.68193,
              55.43803
            ],
            [
              -131.681723,
              55.438114
            ],
            [
              -131.681556,
              55.43818
            ],
            [
              -131.681432,
              55.438222
            ],
            [
              -131.681325,
              55.438258
            ],
            [
              -131.681257,
              55.438282
            ],
            [
              -131.681229,
              55.438293
            ],
            [
              -131.681118,
              55.43833
            ],
            [
              -131.681107,
              55.438334
            ],
            [
              -131.681068,
              55.438351
            ],
            [
              -131.680991,
              55.438386
            ],
            [
              -131.680886,
              55.438412
            ],
            [
              -131.680885,
              55.438412
            ],
            [
              -131.6808,
              55.438444
            ],
            [
              -131.68077,
              55.438453
            ],
            [
              -131.680715,
              55.43847
            ],
            [
              -131.680714,
              55.43847
            ],
            [
              -131.680611,
              55.4385
            ],
            [
              -131.680523,
              55.438524
            ]
          ],
          [
            [
              -131.694105,
              55.428083
            ],
            [
              -131.694072,
              55.428129
            ],
            [
              -131.694038,
              55.428178
            ],
            [
              -131.693955,
              55.428228
            ],
            [
              -131.693891,
              55.428265
            ],
            [
              -131.693828,
              55.428294
            ],
            [
              -131.693737,
              55.428336
            ],
            [
              -131.693701,
              55.428356
            ]
          ],
          [
            [
              -131.695724,
              55.426885
            ],
            [
              -131.695699,
              55.426893
            ],
            [
              -131.695649,
              55.426909
            ],
            [
              -131.695428,
              55.42698
            ],
            [
              -131.694955,
              55.42712
            ],
            [
              -131.694271,
              55.427683
            ],
            [
              -131.694213,
              55.427805
            ],
            [
              -131.694213,
              55.427806
            ],
            [
              -131.694211,
              55.42781
            ],
            [
              -131.694172,
              55.427937
            ],
            [
              -131.694117,
              55.428066
            ],
            [
              -131.694105,
              55.428083
            ]
          ],
          [
            [
              -131.690586,
              55.431031
            ],
            [
              -131.690564,
              55.431042
            ],
            [
              -131.690559,
              55.431045
            ],
            [
              -131.69055,
              55.431049
            ],
            [
              -131.690468,
              55.431085
            ],
            [
              -131.690362,
              55.431122
            ],
            [
              -131.690197,
              55.431207
            ],
            [
              -131.690117,
              55.431237
            ],
            [
              -131.690095,
              55.43125
            ],
            [
              -131.690063,
              55.431268
            ],
            [
              -131.690003,
              55.431305
            ],
            [
              -131.689957,
              55.431334
            ],
            [
              -131.689776,
              55.431453
            ],
            [
              -131.689709,
              55.431497
            ],
            [
              -131.689674,
              55.431532
            ],
            [
              -131.689636,
              55.431564
            ],
            [
              -131.68958,
              55.431609
            ],
            [
              -131.689545,
              55.431673
            ],
            [
              -131.68953,
              55.431702
            ],
            [
              -131.689503,
              55.43178
            ],
            [
              -131.689501,
              55.431889
            ],
            [
              -131.689496,
              55.431957
            ],
            [
              -131.689493,
              55.432001
            ],
            [
              -131.689436,
              55.432128
            ],
            [
              -131.689425,
              55.432149
            ],
            [
              -131.689365,
              55.432261
            ],
            [
              -131.689361,
              55.432273
            ],
            [
              -131.689357,
              55.432281
            ],
            [
              -131.68929,
              55.432373
            ],
            [
              -131.689234,
              55.432439
            ]
          ],
          [
            [
              -131.693395,
              55.428622
            ],
            [
              -131.693363,
              55.42866
            ],
            [
              -131.693279,
              55.428759
            ],
            [
              -131.69323,
              55.428828
            ],
            [
              -131.693197,
              55.428875
            ],
            [
              -131.693104,
              55.42899
            ],
            [
              -131.693001,
              55.429115
            ]
          ],
          [
            [
              -131.697683,
              55.425428
            ],
            [
              -131.697643,
              55.425459
            ],
            [
              -131.697584,
              55.425505
            ],
            [
              -131.697521,
              55.425553
            ],
            [
              -131.697398,
              55.425638
            ],
            [
              -131.697379,
              55.425649
            ],
            [
              -131.69726,
              55.425714
            ],
            [
              -131.697147,
              55.425786
            ],
            [
              -131.697074,
              55.425828
            ],
            [
              -131.697043,
              55.425846
            ],
            [
              -131.696978,
              55.425893
            ],
            [
              -131.696963,
              55.425904
            ],
            [
              -131.696873,
              55.425965
            ],
            [
              -131.696759,
              55.426055
            ],
            [
              -131.696706,
              55.426105
            ],
            [
              -131.696658,
              55.426151
            ],
            [
              -131.696579,
              55.426253
            ],
            [
              -131.696544,
              55.4263
            ],
            [
              -131.696503,
              55.426355
            ],
            [
              -131.696414,
              55.426459
            ],
            [
              -131.696325,
              55.426562
            ],
            [
              -131.69622,
              55.426641
            ],
            [
              -131.696183,
              55.426665
            ],
            [
              -131.696164,
              55.426677
            ],
            [
              -131.696144,
              55.426691
            ],
            [
              -131.696081,
              55.426733
            ],
            [
              -131.696004,
              55.426774
            ],
            [
              -131.695945,
              55.426806
            ],
            [
              -131.695823,
              55.426854
            ],
            [
              -131.695724,
              55.426885
            ]
          ],
          [
            [
              -131.680523,
              55.438524
            ],
            [
              -131.680438,
              55.438548
            ],
            [
              -131.680437,
              55.438548
            ],
            [
              -131.680257,
              55.438576
            ],
            [
              -131.68018,
              55.438587
            ],
            [
              -131.679926,
              55.438619
            ],
            [
              -131.679497,
              55.438608
            ]
          ],
          [
            [
              -131.693001,
              55.429115
            ],
            [
              -131.69299,
              55.429129
            ],
            [
              -131.692909,
              55.429212
            ],
            [
              -131.692793,
              55.42934
            ],
            [
              -131.692789,
              55.429345
            ],
            [
              -131.692779,
              55.429356
            ],
            [
              -131.692731,
              55.429403
            ],
            [
              -131.692689,
              55.429443
            ],
            [
              -131.692585,
              55.429528
            ],
            [
              -131.692441,
              55.429644
            ],
            [
              -131.692369,
              55.4297
            ],
            [
              -131.692322,
              55.429736
            ],
            [
              -131.692269,
              55.429781
            ],
            [
              -131.692182,
              55.429856
            ],
            [
              -131.692091,
              55.429925
            ],
            [
              -131.692024,
              55.429976
            ],
            [
              -131.691894,
              55.430069
            ],
            [
              -131.691748,
              55.430169
            ],
            [
              -131.69164,
              55.43025
            ],
            [
              -131.691539,
              55.430317
            ],
            [
              -131.691456,
              55.430381
            ],
            [
              -131.691388,
              55.430434
            ],
            [
              -131.691312,
              55.430494
            ],
            [
              -131.691238,
              55.430554
            ],
            [
              -131.691172,
              55.430605
            ],
            [
              -131.691115,
              55.430649
            ],
            [
              -131.690982,
              55.430745
            ],
            [
              -131.690884,
              55.430834
            ],
            [
              -131.690852,
              55.43086
            ],
            [
              -131.690787,
              55.430913
            ],
            [
              -131.69069,
              55.430976
            ],
            [
              -131.690586,
              55.431031
            ]
          ],
          [
            [
              -131.693701,
              55.428356
            ],
            [
              -131.693669,
              55.428373
            ],
            [
              -131.693562,
              55.42843
            ],
            [
              -131.693514,
              55.428468
            ],
            [
              -131.693459,
              55.428511
            ],
            [
              -131.693455,
              55.428526
            ],
            [
              -131.693454,
              55.428527
            ],
            [
              -131.693442,
              55.428566
            ],
            [
              -131.693395,
              55.428622
            ]
          ],
          [
            [
              -131.697913,
              55.424363
            ],
            [
              -131.698016,
              55.424535
            ],
            [
              -131.697975,
              55.424705
            ],
            [
              -131.698021,
              55.424882
            ],
            [
              -131.698046,
              55.425028
            ],
            [
              -131.698003,
              55.425216
            ],
            [
              -131.697917,
              55.42526
            ],
            [
              -131.697863,
              55.425289
            ],
            [
              -131.697811,
              55.42533
            ],
            [
              -131.697772,
              55.425361
            ],
            [
              -131.697683,
              55.425428
            ]
          ],
          [
            [
              -131.68292,
              55.436228
            ],
            [
              -131.682917,
              55.436244
            ],
            [
              -131.682911,
              55.436292
            ],
            [
              -131.6829,
              55.436354
            ],
            [
              -131.682892,
              55.436397
            ],
            [
              -131.682878,
              55.43644
            ],
            [
              -131.682848,
              55.436529
            ],
            [
              -131.682791,
              55.436643
            ],
            [
              -131.682777,
              55.436673
            ],
            [
              -131.682731,
              55.436774
            ],
            [
              -131.682673,
              55.436889
            ],
            [
              -131.682629,
              55.436976
            ],
            [
              -131.682621,
              55.436992
            ],
            [
              -131.682604,
              55.437028
            ],
            [
              -131.682571,
              55.437098
            ],
            [
              -131.682554,
              55.437133
            ],
            [
              -131.682503,
              55.437233
            ],
            [
              -131.682474,
              55.43729
            ],
            [
              -131.682453,
              55.43733
            ],
            [
              -131.682423,
              55.437433
            ],
            [
              -131.682412,
              55.43747
            ],
            [
              -131.682385,
              55.437532
            ],
            [
              -131.682313,
              55.437703
            ],
            [
              -131.68225,
              55.437775
            ]
          ],
          [
            [
              -131.697009,
              55.422959
            ],
            [
              -131.696863,
              55.422963
            ],
            [
              -131.696674,
              55.42296
            ],
            [
              -131.696518,
              55.422983
            ],
            [
              -131.696446,
              55.423027
            ]
          ],
          [
            [
              -131.68342,
              55.435513
            ],
            [
              -131.683331,
              55.435583
            ],
            [
              -131.683229,
              55.435666
            ],
            [
              -131.683124,
              55.435775
            ],
            [
              -131.683089,
              55.435816
            ],
            [
              -131.683041,
              55.435874
            ],
            [
              -131.682969,
              55.435993
            ],
            [
              -131.682949,
              55.436066
            ],
            [
              -131.682932,
              55.436141
            ],
            [
              -131.68292,
              55.436228
            ]
          ]
        ]
      },
      "properties": {
        "id": "salvage-trail",
        "name": "Salvage Trail",
        "status": "needs-work",
        "corridorId": null,
        "landManagers": [
          "USDA Forest Service"
        ],
        "lengthMi": 1.54,
        "elevationGainFt": 70,
        "difficulty": "moderate",
        "surface": "native",
        "seasonality": "Snow-free May–October",
        "connectsTo": [
          "pipeline-trail",
          "ward-creek"
        ],
        "summary": "Exists but is degraded. Not yet assigned to a priority corridor.",
        "whatItNeeds": "Corridor clearing and a decision on whether this remains a local trail or a network link.",
        "sourceRef": "usfs-nfs-trails",
        "updatedAt": "2026-08-28"
      }
    },
    {
      "type": "Feature",
      "id": "schoenbar-trail",
      "geometry": {
        "type": "LineString",
        "coordinates": [
          [
            -131.6568,
            55.3368
          ],
          [
            -131.6542,
            55.3384
          ],
          [
            -131.6516,
            55.3398
          ]
        ]
      },
      "properties": {
        "id": "schoenbar-trail",
        "name": "Schoenbar Trail",
        "status": "existing",
        "corridorId": null,
        "landManagers": [
          "City of Ketchikan"
        ],
        "lengthMi": 0.291,
        "elevationGainFt": 0,
        "difficulty": null,
        "surface": "gravel",
        "seasonality": "Snow-free May–October",
        "connectsTo": [],
        "summary": "Existing in-town trail. Alignment is approximate pending Borough GIS.",
        "whatItNeeds": null,
        "sourceRef": "hand-attributed-pending-borough-gis",
        "updatedAt": "2026-08-28"
      }
    },
    {
      "type": "Feature",
      "id": "silvis-lake",
      "geometry": {
        "type": "MultiLineString",
        "coordinates": [
          [
            [
              -131.498475,
              55.380433
            ],
            [
              -131.498509,
              55.380404
            ],
            [
              -131.498611,
              55.380361
            ],
            [
              -131.49869,
              55.380332
            ],
            [
              -131.498745,
              55.380312
            ],
            [
              -131.498867,
              55.380294
            ],
            [
              -131.498915,
              55.380287
            ],
            [
              -131.498991,
              55.380284
            ],
            [
              -131.499291,
              55.380308
            ],
            [
              -131.499522,
              55.380338
            ]
          ],
          [
            [
              -131.49757,
              55.38086
            ],
            [
              -131.497615,
              55.38084
            ],
            [
              -131.497769,
              55.380778
            ],
            [
              -131.497838,
              55.380749
            ],
            [
              -131.497923,
              55.380714
            ],
            [
              -131.497961,
              55.3807
            ],
            [
              -131.498088,
              55.380653
            ],
            [
              -131.498187,
              55.380611
            ]
          ],
          [
            [
              -131.494277,
              55.381116
            ],
            [
              -131.494454,
              55.381069
            ],
            [
              -131.494506,
              55.381055
            ],
            [
              -131.494533,
              55.381046
            ],
            [
              -131.494598,
              55.381024
            ],
            [
              -131.49465,
              55.381011
            ],
            [
              -131.494686,
              55.381002
            ],
            [
              -131.494777,
              55.38099
            ],
            [
              -131.494883,
              55.380991
            ],
            [
              -131.494951,
              55.380992
            ],
            [
              -131.495141,
              55.381001
            ],
            [
              -131.49532,
              55.381017
            ],
            [
              -131.495422,
              55.381029
            ],
            [
              -131.495467,
              55.381034
            ],
            [
              -131.495546,
              55.381052
            ],
            [
              -131.495625,
              55.381074
            ],
            [
              -131.495694,
              55.381112
            ],
            [
              -131.495697,
              55.381114
            ],
            [
              -131.495741,
              55.38115
            ],
            [
              -131.495789,
              55.381204
            ],
            [
              -131.495819,
              55.381238
            ],
            [
              -131.495857,
              55.381287
            ],
            [
              -131.495899,
              55.381342
            ],
            [
              -131.495958,
              55.381385
            ],
            [
              -131.496034,
              55.381416
            ],
            [
              -131.496035,
              55.381416
            ],
            [
              -131.496124,
              55.381433
            ],
            [
              -131.496155,
              55.381429
            ],
            [
              -131.496213,
              55.381421
            ],
            [
              -131.496249,
              55.381414
            ],
            [
              -131.496302,
              55.381402
            ],
            [
              -131.496412,
              55.381357
            ],
            [
              -131.496458,
              55.381339
            ],
            [
              -131.496578,
              55.381273
            ],
            [
              -131.496656,
              55.38123
            ],
            [
              -131.496796,
              55.381157
            ]
          ],
          [
            [
              -131.476664,
              55.378508
            ],
            [
              -131.476658,
              55.378489
            ],
            [
              -131.476641,
              55.378422
            ],
            [
              -131.476629,
              55.378376
            ],
            [
              -131.476595,
              55.378252
            ],
            [
              -131.476602,
              55.378191
            ],
            [
              -131.476623,
              55.378109
            ],
            [
              -131.476635,
              55.378065
            ],
            [
              -131.476687,
              55.377943
            ],
            [
              -131.476751,
              55.377846
            ],
            [
              -131.476824,
              55.377725
            ],
            [
              -131.476837,
              55.377708
            ],
            [
              -131.476921,
              55.377599
            ],
            [
              -131.477037,
              55.377526
            ],
            [
              -131.477106,
              55.377495
            ],
            [
              -131.477113,
              55.377493
            ],
            [
              -131.477192,
              55.377472
            ],
            [
              -131.477245,
              55.377469
            ],
            [
              -131.477281,
              55.377466
            ],
            [
              -131.477328,
              55.377475
            ],
            [
              -131.477377,
              55.377484
            ],
            [
              -131.477469,
              55.377509
            ],
            [
              -131.477551,
              55.377531
            ],
            [
              -131.477711,
              55.377595
            ],
            [
              -131.477819,
              55.377631
            ],
            [
              -131.477876,
              55.37765
            ],
            [
              -131.477903,
              55.377658
            ],
            [
              -131.477955,
              55.377673
            ],
            [
              -131.478038,
              55.377685
            ],
            [
              -131.478076,
              55.377688
            ],
            [
              -131.478117,
              55.37769
            ],
            [
              -131.478203,
              55.377691
            ],
            [
              -131.478292,
              55.377678
            ],
            [
              -131.478297,
              55.377676
            ],
            [
              -131.47837,
              55.377654
            ],
            [
              -131.478488,
              55.377586
            ],
            [
              -131.478489,
              55.377585
            ]
          ],
          [
            [
              -131.500543,
              55.380553
            ],
            [
              -131.500673,
              55.380597
            ],
            [
              -131.500951,
              55.380833
            ],
            [
              -131.501018,
              55.380915
            ]
          ],
          [
            [
              -131.501116,
              55.381035
            ],
            [
              -131.501156,
              55.381133
            ],
            [
              -131.501192,
              55.381219
            ],
            [
              -131.501256,
              55.381284
            ],
            [
              -131.501358,
              55.381388
            ],
            [
              -131.501498,
              55.38149
            ],
            [
              -131.501532,
              55.381507
            ]
          ],
          [
            [
              -131.474865,
              55.379583
            ],
            [
              -131.474845,
              55.37955
            ],
            [
              -131.474785,
              55.379509
            ],
            [
              -131.474713,
              55.379477
            ],
            [
              -131.474619,
              55.379476
            ],
            [
              -131.474546,
              55.379476
            ],
            [
              -131.474545,
              55.379476
            ],
            [
              -131.474464,
              55.379477
            ],
            [
              -131.474411,
              55.379487
            ],
            [
              -131.474338,
              55.379501
            ],
            [
              -131.47423,
              55.379513
            ],
            [
              -131.474127,
              55.379513
            ],
            [
              -131.474105,
              55.379496
            ],
            [
              -131.474067,
              55.379467
            ],
            [
              -131.474083,
              55.379439
            ],
            [
              -131.474133,
              55.379436
            ],
            [
              -131.474171,
              55.379434
            ],
            [
              -131.474172,
              55.379434
            ],
            [
              -131.474262,
              55.379418
            ],
            [
              -131.474369,
              55.379407
            ],
            [
              -131.47448,
              55.379382
            ],
            [
              -131.474504,
              55.379372
            ],
            [
              -131.474548,
              55.379352
            ],
            [
              -131.474663,
              55.379314
            ],
            [
              -131.474701,
              55.379301
            ],
            [
              -131.474714,
              55.379294
            ],
            [
              -131.474758,
              55.379269
            ],
            [
              -131.474791,
              55.37922
            ],
            [
              -131.474886,
              55.3791
            ],
            [
              -131.47492,
              55.379082
            ],
            [
              -131.474959,
              55.379061
            ],
            [
              -131.475037,
              55.37905
            ],
            [
              -131.475092,
              55.379044
            ],
            [
              -131.475179,
              55.379035
            ],
            [
              -131.475312,
              55.37904
            ],
            [
              -131.475485,
              55.379034
            ],
            [
              -131.475541,
              55.379027
            ],
            [
              -131.475576,
              55.379023
            ]
          ],
          [
            [
              -131.491126,
              55.381299
            ],
            [
              -131.491213,
              55.38131
            ],
            [
              -131.491371,
              55.381327
            ],
            [
              -131.491439,
              55.381335
            ],
            [
              -131.49144,
              55.381335
            ],
            [
              -131.491667,
              55.381366
            ],
            [
              -131.49168,
              55.381367
            ],
            [
              -131.491886,
              55.381391
            ],
            [
              -131.49201,
              55.381409
            ],
            [
              -131.492102,
              55.381423
            ],
            [
              -131.492269,
              55.381446
            ],
            [
              -131.49232,
              55.381453
            ],
            [
              -131.492473,
              55.381468
            ],
            [
              -131.492547,
              55.381475
            ],
            [
              -131.492769,
              55.381487
            ],
            [
              -131.492949,
              55.38149
            ],
            [
              -131.493002,
              55.381491
            ],
            [
              -131.493003,
              55.381491
            ],
            [
              -131.493317,
              55.381422
            ],
            [
              -131.493514,
              55.381357
            ],
            [
              -131.493698,
              55.38128
            ],
            [
              -131.493884,
              55.381215
            ],
            [
              -131.493894,
              55.381213
            ],
            [
              -131.494096,
              55.381174
            ],
            [
              -131.494196,
              55.381142
            ],
            [
              -131.494277,
              55.381116
            ]
          ],
          [
            [
              -131.482971,
              55.377616
            ],
            [
              -131.48299,
              55.377645
            ],
            [
              -131.483029,
              55.377703
            ],
            [
              -131.483102,
              55.377825
            ],
            [
              -131.483154,
              55.377949
            ],
            [
              -131.483178,
              55.378013
            ],
            [
              -131.483199,
              55.378071
            ],
            [
              -131.483201,
              55.378106
            ],
            [
              -131.483203,
              55.378141
            ],
            [
              -131.483204,
              55.378175
            ],
            [
              -131.483204,
              55.378191
            ],
            [
              -131.483226,
              55.378224
            ],
            [
              -131.483245,
              55.378254
            ],
            [
              -131.483328,
              55.378353
            ],
            [
              -131.483359,
              55.378389
            ],
            [
              -131.483454,
              55.378488
            ],
            [
              -131.483497,
              55.378538
            ],
            [
              -131.48354,
              55.37859
            ],
            [
              -131.483634,
              55.378694
            ],
            [
              -131.483653,
              55.378716
            ],
            [
              -131.483729,
              55.378807
            ],
            [
              -131.483763,
              55.378861
            ],
            [
              -131.483768,
              55.378868
            ],
            [
              -131.483778,
              55.378932
            ],
            [
              -131.483779,
              55.378956
            ],
            [
              -131.483782,
              55.378998
            ],
            [
              -131.483783,
              55.379062
            ],
            [
              -131.483781,
              55.379128
            ],
            [
              -131.483783,
              55.379234
            ],
            [
              -131.483815,
              55.379311
            ],
            [
              -131.483838,
              55.379348
            ],
            [
              -131.483877,
              55.379379
            ],
            [
              -131.483886,
              55.379386
            ],
            [
              -131.484003,
              55.379463
            ],
            [
              -131.484067,
              55.379502
            ],
            [
              -131.484143,
              55.379513
            ],
            [
              -131.48417,
              55.379512
            ],
            [
              -131.484171,
              55.379512
            ],
            [
              -131.484355,
              55.379506
            ],
            [
              -131.484579,
              55.379502
            ],
            [
              -131.484717,
              55.379501
            ]
          ],
          [
            [
              -131.502751,
              55.381571
            ],
            [
              -131.502893,
              55.381548
            ],
            [
              -131.503104,
              55.381479
            ],
            [
              -131.503277,
              55.381422
            ],
            [
              -131.503462,
              55.38135
            ],
            [
              -131.503725,
              55.381248
            ],
            [
              -131.504185,
              55.381093
            ],
            [
              -131.504287,
              55.381059
            ],
            [
              -131.504288,
              55.381059
            ],
            [
              -131.504804,
              55.380968
            ],
            [
              -131.505495,
              55.380691
            ],
            [
              -131.505574,
              55.380658
            ],
            [
              -131.506009,
              55.380476
            ],
            [
              -131.506638,
              55.380156
            ],
            [
              -131.506753,
              55.380089
            ],
            [
              -131.506969,
              55.379963
            ],
            [
              -131.50704,
              55.379925
            ],
            [
              -131.507041,
              55.379925
            ],
            [
              -131.507179,
              55.379851
            ],
            [
              -131.507473,
              55.379806
            ],
            [
              -131.508084,
              55.379806
            ],
            [
              -131.508375,
              55.379806
            ],
            [
              -131.509132,
              55.379819
            ],
            [
              -131.509617,
              55.379853
            ],
            [
              -131.50977,
              55.379864
            ],
            [
              -131.510149,
              55.379845
            ],
            [
              -131.510586,
              55.379853
            ],
            [
              -131.511154,
              55.379933
            ],
            [
              -131.511395,
              55.379967
            ],
            [
              -131.512324,
              55.380017
            ],
            [
              -131.512532,
              55.380041
            ],
            [
              -131.513018,
              55.380096
            ],
            [
              -131.513878,
              55.380343
            ],
            [
              -131.514115,
              55.380421
            ],
            [
              -131.514565,
              55.380571
            ],
            [
              -131.515712,
              55.380873
            ],
            [
              -131.51607,
              55.380987
            ],
            [
              -131.516072,
              55.380988
            ],
            [
              -131.516429,
              55.381101
            ],
            [
              -131.516735,
              55.381246
            ],
            [
              -131.516737,
              55.381247
            ],
            [
              -131.516939,
              55.381342
            ],
            [
              -131.517253,
              55.381438
            ],
            [
              -131.51754,
              55.38157
            ],
            [
              -131.517822,
              55.381802
            ],
            [
              -131.518089,
              55.381861
            ],
            [
              -131.518318,
              55.381894
            ],
            [
              -131.518483,
              55.381919
            ],
            [
              -131.518718,
              55.382084
            ],
            [
              -131.519107,
              55.382109
            ],
            [
              -131.519472,
              55.382251
            ],
            [
              -131.519623,
              55.38241
            ],
            [
              -131.5197,
              55.382419
            ],
            [
              -131.519733,
              55.382387
            ],
            [
              -131.519727,
              55.382277
            ],
            [
              -131.519627,
              55.382104
            ],
            [
              -131.51953,
              55.381996
            ],
            [
              -131.519422,
              55.38187
            ],
            [
              -131.519383,
              55.381831
            ],
            [
              -131.519318,
              55.381766
            ],
            [
              -131.519137,
              55.381675
            ],
            [
              -131.519076,
              55.381641
            ],
            [
              -131.519069,
              55.381603
            ],
            [
              -131.519142,
              55.381591
            ],
            [
              -131.519319,
              55.381631
            ],
            [
              -131.519417,
              55.381682
            ],
            [
              -131.519494,
              55.381722
            ],
            [
              -131.519576,
              55.381745
            ],
            [
              -131.519605,
              55.381712
            ],
            [
              -131.519604,
              55.381706
            ],
            [
              -131.519595,
              55.381676
            ],
            [
              -131.519566,
              55.381577
            ],
            [
              -131.51941,
              55.381501
            ],
            [
              -131.519318,
              55.38143
            ],
            [
              -131.519329,
              55.381399
            ],
            [
              -131.519365,
              55.381384
            ],
            [
              -131.519485,
              55.381411
            ],
            [
              -131.519602,
              55.381512
            ],
            [
              -131.519763,
              55.38161
            ],
            [
              -131.519931,
              55.381697
            ],
            [
              -131.520042,
              55.381793
            ],
            [
              -131.520161,
              55.381836
            ],
            [
              -131.520222,
              55.381831
            ],
            [
              -131.520277,
              55.381827
            ],
            [
              -131.520325,
              55.381762
            ],
            [
              -131.520372,
              55.381698
            ],
            [
              -131.52037,
              55.381631
            ],
            [
              -131.520265,
              55.381557
            ],
            [
              -131.520115,
              55.381503
            ],
            [
              -131.520048,
              55.381443
            ],
            [
              -131.520035,
              55.381432
            ],
            [
              -131.520007,
              55.381373
            ],
            [
              -131.520012,
              55.381285
            ],
            [
              -131.520139,
              55.381189
            ],
            [
              -131.520328,
              55.381123
            ],
            [
              -131.520442,
              55.381038
            ],
            [
              -131.520608,
              55.380938
            ],
            [
              -131.520678,
              55.380834
            ],
            [
              -131.520791,
              55.380755
            ],
            [
              -131.521043,
              55.380723
            ],
            [
              -131.52113,
              55.380648
            ],
            [
              -131.521219,
              55.380544
            ],
            [
              -131.521313,
              55.380469
            ],
            [
              -131.521431,
              55.380427
            ],
            [
              -131.521609,
              55.380449
            ],
            [
              -131.521811,
              55.380514
            ],
            [
              -131.52195,
              55.38055
            ]
          ],
          [
            [
              -131.475576,
              55.379023
            ],
            [
              -131.475595,
              55.37902
            ],
            [
              -131.475771,
              55.379017
            ],
            [
              -131.475862,
              55.379025
            ],
            [
              -131.475956,
              55.379022
            ],
            [
              -131.476154,
              55.378999
            ],
            [
              -131.47624,
              55.378979
            ],
            [
              -131.476349,
              55.378954
            ],
            [
              -131.47653,
              55.378887
            ],
            [
              -131.476564,
              55.378869
            ],
            [
              -131.476595,
              55.378853
            ],
            [
              -131.476629,
              55.378825
            ],
            [
              -131.476683,
              55.378768
            ],
            [
              -131.476688,
              55.378751
            ],
            [
              -131.476696,
              55.378726
            ],
            [
              -131.476699,
              55.378691
            ],
            [
              -131.476701,
              55.378667
            ],
            [
              -131.476697,
              55.378641
            ],
            [
              -131.476692,
              55.378601
            ],
            [
              -131.476664,
              55.378508
            ]
          ],
          [
            [
              -131.50174,
              55.381605
            ],
            [
              -131.501839,
              55.381645
            ],
            [
              -131.502247,
              55.381675
            ],
            [
              -131.502258,
              55.381676
            ]
          ],
          [
            [
              -131.478488,
              55.377586
            ],
            [
              -131.478489,
              55.377585
            ],
            [
              -131.478545,
              55.377545
            ],
            [
              -131.478586,
              55.377515
            ],
            [
              -131.478665,
              55.377473
            ],
            [
              -131.4787,
              55.377454
            ],
            [
              -131.478726,
              55.377443
            ],
            [
              -131.478827,
              55.377399
            ],
            [
              -131.478982,
              55.377342
            ],
            [
              -131.478983,
              55.377342
            ],
            [
              -131.479139,
              55.377296
            ],
            [
              -131.47922,
              55.377279
            ],
            [
              -131.479292,
              55.377252
            ],
            [
              -131.479363,
              55.377215
            ],
            [
              -131.47947,
              55.377117
            ],
            [
              -131.479584,
              55.377026
            ],
            [
              -131.479639,
              55.376999
            ],
            [
              -131.479648,
              55.376994
            ],
            [
              -131.479728,
              55.376964
            ],
            [
              -131.479782,
              55.376954
            ],
            [
              -131.479833,
              55.376943
            ],
            [
              -131.479913,
              55.376925
            ],
            [
              -131.480025,
              55.376898
            ],
            [
              -131.480176,
              55.376872
            ],
            [
              -131.480339,
              55.376856
            ],
            [
              -131.48041,
              55.376852
            ],
            [
              -131.480524,
              55.376844
            ],
            [
              -131.480622,
              55.376843
            ],
            [
              -131.480708,
              55.376843
            ],
            [
              -131.480825,
              55.376844
            ],
            [
              -131.480903,
              55.376846
            ],
            [
              -131.481048,
              55.376845
            ],
            [
              -131.481095,
              55.376845
            ],
            [
              -131.481117,
              55.376846
            ],
            [
              -131.481292,
              55.376853
            ],
            [
              -131.481464,
              55.376854
            ],
            [
              -131.481479,
              55.376854
            ],
            [
              -131.481676,
              55.376883
            ],
            [
              -131.481865,
              55.376921
            ],
            [
              -131.482042,
              55.376972
            ],
            [
              -131.482173,
              55.377022
            ],
            [
              -131.482214,
              55.377038
            ],
            [
              -131.482393,
              55.377114
            ],
            [
              -131.482546,
              55.377203
            ],
            [
              -131.482637,
              55.377266
            ],
            [
              -131.482688,
              55.377301
            ],
            [
              -131.482689,
              55.377301
            ],
            [
              -131.482793,
              55.377387
            ],
            [
              -131.482829,
              55.377428
            ],
            [
              -131.482903,
              55.377513
            ],
            [
              -131.482941,
              55.377571
            ],
            [
              -131.482971,
              55.377616
            ]
          ],
          [
            [
              -131.484717,
              55.379501
            ],
            [
              -131.484761,
              55.379501
            ],
            [
              -131.484798,
              55.379501
            ],
            [
              -131.484816,
              55.379503
            ],
            [
              -131.485016,
              55.379518
            ],
            [
              -131.485017,
              55.379518
            ],
            [
              -131.485181,
              55.379532
            ],
            [
              -131.485234,
              55.379537
            ],
            [
              -131.485428,
              55.379548
            ],
            [
              -131.485429,
              55.379548
            ],
            [
              -131.485469,
              55.379551
            ],
            [
              -131.48547,
              55.379551
            ],
            [
              -131.48561,
              55.379561
            ],
            [
              -131.48567,
              55.37957
            ],
            [
              -131.485694,
              55.379574
            ],
            [
              -131.4857,
              55.379576
            ],
            [
              -131.48577,
              55.379602
            ],
            [
              -131.485891,
              55.379681
            ],
            [
              -131.485946,
              55.379732
            ],
            [
              -131.485991,
              55.379774
            ],
            [
              -131.48604,
              55.379817
            ],
            [
              -131.486104,
              55.379872
            ],
            [
              -131.486176,
              55.37993
            ],
            [
              -131.486215,
              55.379961
            ],
            [
              -131.48624,
              55.37998
            ],
            [
              -131.486341,
              55.380054
            ],
            [
              -131.48645,
              55.380157
            ],
            [
              -131.486457,
              55.380164
            ],
            [
              -131.486562,
              55.380264
            ],
            [
              -131.486645,
              55.380333
            ],
            [
              -131.486687,
              55.380369
            ],
            [
              -131.48675,
              55.380416
            ],
            [
              -131.486826,
              55.380473
            ],
            [
              -131.486914,
              55.38052
            ],
            [
              -131.486974,
              55.380545
            ],
            [
              -131.487012,
              55.38056
            ],
            [
              -131.48706,
              55.380573
            ],
            [
              -131.487119,
              55.380588
            ],
            [
              -131.487232,
              55.380599
            ],
            [
              -131.487233,
              55.380599
            ],
            [
              -131.487433,
              55.380595
            ],
            [
              -131.487522,
              55.380599
            ],
            [
              -131.487538,
              55.3806
            ],
            [
              -131.487623,
              55.380613
            ],
            [
              -131.487624,
              55.380613
            ],
            [
              -131.487703,
              55.380639
            ],
            [
              -131.487703,
              55.38064
            ],
            [
              -131.487732,
              55.380661
            ],
            [
              -131.487762,
              55.380683
            ],
            [
              -131.48782,
              55.380722
            ],
            [
              -131.487831,
              55.380729
            ],
            [
              -131.48791,
              55.380773
            ],
            [
              -131.487963,
              55.380787
            ],
            [
              -131.488014,
              55.3808
            ],
            [
              -131.488124,
              55.380806
            ],
            [
              -131.488175,
              55.380804
            ],
            [
              -131.488345,
              55.380797
            ],
            [
              -131.488462,
              55.380795
            ],
            [
              -131.488549,
              55.380793
            ],
            [
              -131.488652,
              55.380817
            ],
            [
              -131.488683,
              55.380832
            ],
            [
              -131.488813,
              55.380893
            ],
            [
              -131.488949,
              55.380967
            ],
            [
              -131.489047,
              55.380999
            ],
            [
              -131.489257,
              55.381062
            ],
            [
              -131.489461,
              55.381132
            ],
            [
              -131.489597,
              55.381167
            ],
            [
              -131.489974,
              55.381269
            ],
            [
              -131.49001,
              55.381278
            ],
            [
              -131.490081,
              55.381295
            ],
            [
              -131.49015,
              55.381304
            ],
            [
              -131.490194,
              55.381309
            ],
            [
              -131.490195,
              55.381309
            ],
            [
              -131.490398,
              55.381319
            ],
            [
              -131.490495,
              55.381318
            ],
            [
              -131.490607,
              55.381317
            ],
            [
              -131.490806,
              55.381306
            ],
            [
              -131.491,
              55.381299
            ],
            [
              -131.491102,
              55.381296
            ],
            [
              -131.491126,
              55.381299
            ]
          ]
        ]
      },
      "properties": {
        "id": "silvis-lake",
        "name": "Silvis Lake",
        "status": "existing",
        "corridorId": "deer-mountain-to-silvis",
        "landManagers": [
          "USDA Forest Service"
        ],
        "lengthMi": 2.497,
        "elevationGainFt": 470,
        "difficulty": "moderate",
        "surface": "native",
        "seasonality": "Snow-free May–October",
        "connectsTo": [
          "deer-mountain"
        ],
        "summary": "Existing trail to Silvis Lake on the south island. The missing piece is a ridge connection from Deer Mountain.",
        "whatItNeeds": null,
        "sourceRef": "usfs-nfs-trails",
        "updatedAt": "2026-08-28"
      }
    },
    {
      "type": "Feature",
      "id": "ward-creek",
      "geometry": {
        "type": "MultiLineString",
        "coordinates": [
          [
            [
              -131.694271,
              55.417357
            ],
            [
              -131.694165,
              55.417482
            ],
            [
              -131.694001,
              55.417635
            ],
            [
              -131.693772,
              55.417749
            ],
            [
              -131.69365,
              55.417817
            ],
            [
              -131.693641,
              55.417887
            ],
            [
              -131.693471,
              55.418027
            ],
            [
              -131.692949,
              55.418438
            ]
          ],
          [
            [
              -131.692141,
              55.418835
            ],
            [
              -131.692192,
              55.418916
            ],
            [
              -131.69221,
              55.419008
            ],
            [
              -131.692169,
              55.41917
            ],
            [
              -131.692099,
              55.419217
            ],
            [
              -131.692089,
              55.419216
            ],
            [
              -131.692053,
              55.419245
            ],
            [
              -131.692002,
              55.419306
            ],
            [
              -131.691991,
              55.419351
            ]
          ],
          [
            [
              -131.693206,
              55.420842
            ],
            [
              -131.693344,
              55.420885
            ],
            [
              -131.693417,
              55.420886
            ],
            [
              -131.693532,
              55.420824
            ],
            [
              -131.693644,
              55.420826
            ],
            [
              -131.693749,
              55.42085
            ],
            [
              -131.693881,
              55.420894
            ],
            [
              -131.693934,
              55.420952
            ],
            [
              -131.69395,
              55.421089
            ],
            [
              -131.69395,
              55.421178
            ]
          ],
          [
            [
              -131.692949,
              55.418438
            ],
            [
              -131.69281,
              55.418547
            ],
            [
              -131.69267,
              55.418656
            ],
            [
              -131.692584,
              55.418663
            ]
          ],
          [
            [
              -131.689522,
              55.42889
            ],
            [
              -131.689557,
              55.428907
            ],
            [
              -131.689652,
              55.428958
            ],
            [
              -131.689773,
              55.429009
            ],
            [
              -131.689928,
              55.429033
            ],
            [
              -131.690078,
              55.429045
            ],
            [
              -131.690166,
              55.429034
            ],
            [
              -131.690226,
              55.429007
            ],
            [
              -131.69027,
              55.428983
            ],
            [
              -131.690309,
              55.428966
            ],
            [
              -131.690368,
              55.428963
            ]
          ],
          [
            [
              -131.68994,
              55.426434
            ],
            [
              -131.689943,
              55.426448
            ],
            [
              -131.69001,
              55.426635
            ],
            [
              -131.690153,
              55.426787
            ],
            [
              -131.690248,
              55.426896
            ],
            [
              -131.690345,
              55.426969
            ],
            [
              -131.690377,
              55.42707
            ],
            [
              -131.690285,
              55.427147
            ],
            [
              -131.690096,
              55.427172
            ],
            [
              -131.689932,
              55.42717
            ],
            [
              -131.689816,
              55.427173
            ],
            [
              -131.689815,
              55.427174
            ],
            [
              -131.689745,
              55.427205
            ]
          ],
          [
            [
              -131.69395,
              55.421204
            ],
            [
              -131.69397,
              55.42135
            ],
            [
              -131.694117,
              55.421429
            ],
            [
              -131.694231,
              55.421505
            ],
            [
              -131.694348,
              55.421525
            ],
            [
              -131.69437,
              55.421538
            ],
            [
              -131.694457,
              55.421588
            ],
            [
              -131.694566,
              55.421647
            ],
            [
              -131.694631,
              55.421702
            ],
            [
              -131.694586,
              55.421793
            ]
          ],
          [
            [
              -131.69184,
              55.419813
            ],
            [
              -131.691825,
              55.419914
            ],
            [
              -131.691859,
              55.42003
            ],
            [
              -131.692017,
              55.420223
            ],
            [
              -131.69213,
              55.420308
            ],
            [
              -131.692305,
              55.420394
            ],
            [
              -131.692567,
              55.420532
            ],
            [
              -131.692735,
              55.42063
            ],
            [
              -131.692793,
              55.42071
            ],
            [
              -131.692864,
              55.420756
            ],
            [
              -131.693029,
              55.420794
            ],
            [
              -131.693206,
              55.420842
            ]
          ],
          [
            [
              -131.690157,
              55.425127
            ],
            [
              -131.690017,
              55.425256
            ],
            [
              -131.689884,
              55.425376
            ],
            [
              -131.689802,
              55.425524
            ],
            [
              -131.689768,
              55.425702
            ],
            [
              -131.689811,
              55.425846
            ],
            [
              -131.689835,
              55.425966
            ]
          ],
          [
            [
              -131.688974,
              55.42753
            ],
            [
              -131.68882,
              55.427586
            ],
            [
              -131.688679,
              55.427706
            ],
            [
              -131.688652,
              55.427816
            ],
            [
              -131.688691,
              55.427903
            ],
            [
              -131.688743,
              55.427947
            ],
            [
              -131.688776,
              55.42803
            ],
            [
              -131.688757,
              55.4281
            ],
            [
              -131.68878,
              55.428168
            ],
            [
              -131.688854,
              55.428197
            ],
            [
              -131.689002,
              55.428359
            ],
            [
              -131.689125,
              55.42849
            ],
            [
              -131.689156,
              55.428616
            ],
            [
              -131.689176,
              55.428644
            ],
            [
              -131.689223,
              55.428676
            ],
            [
              -131.689295,
              55.428737
            ],
            [
              -131.689441,
              55.42885
            ],
            [
              -131.689522,
              55.42889
            ]
          ],
          [
            [
              -131.689745,
              55.427205
            ],
            [
              -131.689685,
              55.427232
            ],
            [
              -131.689408,
              55.427372
            ],
            [
              -131.689244,
              55.427421
            ],
            [
              -131.689045,
              55.427504
            ]
          ],
          [
            [
              -131.693216,
              55.422089
            ],
            [
              -131.693176,
              55.422102
            ],
            [
              -131.69303,
              55.422125
            ],
            [
              -131.692929,
              55.422111
            ],
            [
              -131.692856,
              55.422122
            ],
            [
              -131.692759,
              55.422175
            ],
            [
              -131.692711,
              55.422241
            ],
            [
              -131.692753,
              55.422283
            ],
            [
              -131.692878,
              55.422364
            ],
            [
              -131.692952,
              55.422445
            ]
          ],
          [
            [
              -131.694998,
              55.415341
            ],
            [
              -131.694928,
              55.415463
            ],
            [
              -131.694937,
              55.415599
            ],
            [
              -131.694971,
              55.415718
            ],
            [
              -131.695068,
              55.415874
            ],
            [
              -131.695137,
              55.415941
            ],
            [
              -131.69513,
              55.415994
            ],
            [
              -131.695039,
              55.416041
            ],
            [
              -131.694966,
              55.416082
            ]
          ],
          [
            [
              -131.692057,
              55.423404
            ],
            [
              -131.691854,
              55.423451
            ],
            [
              -131.691598,
              55.423532
            ],
            [
              -131.691417,
              55.423643
            ],
            [
              -131.691363,
              55.423721
            ],
            [
              -131.691383,
              55.423814
            ],
            [
              -131.691376,
              55.423943
            ],
            [
              -131.691282,
              55.424077
            ],
            [
              -131.691328,
              55.424156
            ],
            [
              -131.691188,
              55.424197
            ],
            [
              -131.690943,
              55.424314
            ],
            [
              -131.690836,
              55.424455
            ],
            [
              -131.690659,
              55.424717
            ],
            [
              -131.690306,
              55.42499
            ],
            [
              -131.690157,
              55.425127
            ]
          ],
          [
            [
              -131.694545,
              55.41651
            ],
            [
              -131.694495,
              55.416562
            ],
            [
              -131.694447,
              55.416618
            ],
            [
              -131.694461,
              55.416663
            ],
            [
              -131.694597,
              55.416748
            ],
            [
              -131.694728,
              55.416811
            ],
            [
              -131.694832,
              55.416873
            ],
            [
              -131.69488,
              55.416912
            ],
            [
              -131.694911,
              55.416944
            ],
            [
              -131.694916,
              55.416976
            ],
            [
              -131.694841,
              55.417017
            ],
            [
              -131.694621,
              55.417051
            ],
            [
              -131.69452,
              55.417068
            ],
            [
              -131.694506,
              55.417085
            ]
          ],
          [
            [
              -131.693587,
              55.421854
            ],
            [
              -131.693542,
              55.421856
            ],
            [
              -131.69339,
              55.421876
            ],
            [
              -131.693302,
              55.421961
            ],
            [
              -131.693279,
              55.422068
            ],
            [
              -131.693216,
              55.422089
            ]
          ],
          [
            [
              -131.691927,
              55.419515
            ],
            [
              -131.691911,
              55.419543
            ],
            [
              -131.691832,
              55.419679
            ],
            [
              -131.691843,
              55.419794
            ],
            [
              -131.69184,
              55.419813
            ]
          ],
          [
            [
              -131.692952,
              55.422445
            ],
            [
              -131.693127,
              55.422534
            ],
            [
              -131.693166,
              55.42264
            ],
            [
              -131.693167,
              55.422739
            ],
            [
              -131.692999,
              55.422844
            ],
            [
              -131.69283,
              55.422972
            ],
            [
              -131.692697,
              55.423059
            ],
            [
              -131.692644,
              55.423115
            ],
            [
              -131.692546,
              55.423174
            ],
            [
              -131.692431,
              55.423223
            ],
            [
              -131.692351,
              55.423264
            ],
            [
              -131.692327,
              55.423275
            ]
          ],
          [
            [
              -131.694586,
              55.421793
            ],
            [
              -131.694515,
              55.421859
            ],
            [
              -131.694365,
              55.42186
            ],
            [
              -131.694197,
              55.421841
            ],
            [
              -131.694058,
              55.421826
            ],
            [
              -131.693984,
              55.421828
            ]
          ]
        ]
      },
      "properties": {
        "id": "ward-creek",
        "name": "Ward Creek",
        "status": "existing",
        "corridorId": "ward-to-lunch-creek",
        "landManagers": [
          "USDA Forest Service"
        ],
        "lengthMi": 1.124,
        "elevationGainFt": 10,
        "difficulty": "easy",
        "surface": "gravel",
        "seasonality": "Snow-free May–October",
        "connectsTo": [
          "perseverance-trail",
          "pipeline-trail",
          "salvage-trail"
        ],
        "summary": "Existing trail along Ward Creek. The built start of the northbound interior corridor.",
        "whatItNeeds": null,
        "sourceRef": "usfs-nfs-trails",
        "updatedAt": "2026-08-28"
      }
    },
    {
      "type": "Feature",
      "id": "ward-lake-nature-trail",
      "geometry": {
        "type": "MultiLineString",
        "coordinates": [
          [
            [
              -131.702615,
              55.408926
            ],
            [
              -131.70255,
              55.408909
            ],
            [
              -131.702477,
              55.408875
            ],
            [
              -131.702423,
              55.408838
            ],
            [
              -131.702352,
              55.408811
            ],
            [
              -131.702274,
              55.408786
            ],
            [
              -131.7022,
              55.40875
            ],
            [
              -131.702115,
              55.408755
            ],
            [
              -131.702012,
              55.40879
            ],
            [
              -131.70193,
              55.408815
            ],
            [
              -131.701865,
              55.408856
            ],
            [
              -131.701814,
              55.408908
            ],
            [
              -131.70173,
              55.408946
            ],
            [
              -131.701581,
              55.409002
            ],
            [
              -131.701515,
              55.409029
            ],
            [
              -131.701417,
              55.409042
            ],
            [
              -131.701314,
              55.40905
            ],
            [
              -131.70121,
              55.409061
            ],
            [
              -131.701123,
              55.409063
            ],
            [
              -131.701093,
              55.409076
            ],
            [
              -131.701054,
              55.409073
            ],
            [
              -131.700967,
              55.409067
            ],
            [
              -131.700892,
              55.409065
            ],
            [
              -131.700807,
              55.409035
            ]
          ],
          [
            [
              -131.703115,
              55.410959
            ],
            [
              -131.703083,
              55.410917
            ],
            [
              -131.703051,
              55.410851
            ],
            [
              -131.70293,
              55.410783
            ],
            [
              -131.702854,
              55.41073
            ],
            [
              -131.702822,
              55.410666
            ],
            [
              -131.702817,
              55.410613
            ],
            [
              -131.702826,
              55.410563
            ],
            [
              -131.702806,
              55.410499
            ],
            [
              -131.702785,
              55.41041
            ],
            [
              -131.702809,
              55.410357
            ],
            [
              -131.702814,
              55.41031
            ],
            [
              -131.702776,
              55.410262
            ],
            [
              -131.702743,
              55.410214
            ],
            [
              -131.702709,
              55.410151
            ],
            [
              -131.702685,
              55.410107
            ],
            [
              -131.702667,
              55.410041
            ],
            [
              -131.70268,
              55.409987
            ],
            [
              -131.70269,
              55.409931
            ],
            [
              -131.702717,
              55.409878
            ],
            [
              -131.702766,
              55.409828
            ],
            [
              -131.70281,
              55.409768
            ],
            [
              -131.702851,
              55.409722
            ],
            [
              -131.702892,
              55.409671
            ],
            [
              -131.70293,
              55.40961
            ],
            [
              -131.702991,
              55.409559
            ]
          ],
          [
            [
              -131.698409,
              55.414867
            ],
            [
              -131.698421,
              55.414866
            ],
            [
              -131.698533,
              55.414866
            ],
            [
              -131.698617,
              55.414873
            ],
            [
              -131.698704,
              55.414897
            ],
            [
              -131.698831,
              55.414892
            ],
            [
              -131.698934,
              55.414895
            ],
            [
              -131.699005,
              55.414925
            ],
            [
              -131.699084,
              55.41495
            ],
            [
              -131.699158,
              55.414967
            ],
            [
              -131.69924,
              55.414962
            ],
            [
              -131.699327,
              55.414956
            ],
            [
              -131.699404,
              55.414977
            ],
            [
              -131.699478,
              55.414997
            ],
            [
              -131.699559,
              55.415003
            ],
            [
              -131.699636,
              55.415015
            ],
            [
              -131.699719,
              55.415031
            ],
            [
              -131.699795,
              55.415014
            ],
            [
              -131.699859,
              55.414983
            ],
            [
              -131.699942,
              55.414988
            ],
            [
              -131.700023,
              55.415001
            ],
            [
              -131.700102,
              55.414993
            ],
            [
              -131.700179,
              55.415008
            ],
            [
              -131.700258,
              55.415001
            ],
            [
              -131.700338,
              55.414995
            ],
            [
              -131.700421,
              55.414984
            ],
            [
              -131.700496,
              55.414966
            ],
            [
              -131.700581,
              55.414957
            ],
            [
              -131.700719,
              55.41492
            ]
          ],
          [
            [
              -131.701029,
              55.414822
            ],
            [
              -131.701061,
              55.414804
            ],
            [
              -131.701118,
              55.414772
            ],
            [
              -131.701191,
              55.414746
            ],
            [
              -131.70127,
              55.414734
            ],
            [
              -131.701321,
              55.414699
            ],
            [
              -131.701377,
              55.414667
            ],
            [
              -131.701409,
              55.414624
            ],
            [
              -131.701469,
              55.414592
            ],
            [
              -131.701544,
              55.414575
            ]
          ],
          [
            [
              -131.704533,
              55.411195
            ],
            [
              -131.704488,
              55.411212
            ],
            [
              -131.704413,
              55.411237
            ],
            [
              -131.704315,
              55.411283
            ],
            [
              -131.70422,
              55.411315
            ],
            [
              -131.704103,
              55.411324
            ],
            [
              -131.703997,
              55.411319
            ],
            [
              -131.703865,
              55.411312
            ]
          ],
          [
            [
              -131.703865,
              55.411312
            ],
            [
              -131.703748,
              55.411278
            ],
            [
              -131.703641,
              55.411234
            ],
            [
              -131.703542,
              55.411206
            ],
            [
              -131.70343,
              55.411155
            ],
            [
              -131.703335,
              55.411124
            ],
            [
              -131.70327,
              55.411084
            ]
          ],
          [
            [
              -131.703064,
              55.413307
            ],
            [
              -131.7031,
              55.413303
            ],
            [
              -131.703181,
              55.413268
            ],
            [
              -131.703246,
              55.413223
            ],
            [
              -131.703288,
              55.413181
            ],
            [
              -131.703339,
              55.413122
            ],
            [
              -131.703431,
              55.413061
            ],
            [
              -131.703482,
              55.413021
            ],
            [
              -131.703512,
              55.412965
            ],
            [
              -131.703543,
              55.412908
            ],
            [
              -131.703584,
              55.412864
            ],
            [
              -131.703618,
              55.412826
            ]
          ],
          [
            [
              -131.696809,
              55.409027
            ],
            [
              -131.696764,
              55.409057
            ],
            [
              -131.696725,
              55.409077
            ],
            [
              -131.696665,
              55.409081
            ],
            [
              -131.6966,
              55.409111
            ],
            [
              -131.696535,
              55.409127
            ],
            [
              -131.696464,
              55.409156
            ],
            [
              -131.69642,
              55.409207
            ],
            [
              -131.696419,
              55.409258
            ],
            [
              -131.696412,
              55.409299
            ],
            [
              -131.696392,
              55.40934
            ],
            [
              -131.696348,
              55.409388
            ],
            [
              -131.69628,
              55.409423
            ],
            [
              -131.696204,
              55.409447
            ],
            [
              -131.696101,
              55.409447
            ],
            [
              -131.696035,
              55.409474
            ],
            [
              -131.696027,
              55.40952
            ],
            [
              -131.69601,
              55.409578
            ],
            [
              -131.69598,
              55.409625
            ],
            [
              -131.695957,
              55.409659
            ],
            [
              -131.695963,
              55.409707
            ],
            [
              -131.695964,
              55.409755
            ],
            [
              -131.695953,
              55.409798
            ],
            [
              -131.695968,
              55.409845
            ],
            [
              -131.69597,
              55.409894
            ],
            [
              -131.695981,
              55.409948
            ],
            [
              -131.695984,
              55.410003
            ],
            [
              -131.696021,
              55.410048
            ],
            [
              -131.696053,
              55.41009
            ],
            [
              -131.696047,
              55.410139
            ],
            [
              -131.69607,
              55.410185
            ],
            [
              -131.696115,
              55.410228
            ],
            [
              -131.696173,
              55.410266
            ],
            [
              -131.696191,
              55.410281
            ],
            [
              -131.696222,
              55.410308
            ],
            [
              -131.696264,
              55.41034
            ],
            [
              -131.696303,
              55.410382
            ],
            [
              -131.696379,
              55.410408
            ],
            [
              -131.696459,
              55.410413
            ],
            [
              -131.69653,
              55.410388
            ],
            [
              -131.696615,
              55.41042
            ],
            [
              -131.696692,
              55.410446
            ],
            [
              -131.696763,
              55.410467
            ],
            [
              -131.696821,
              55.41049
            ],
            [
              -131.696898,
              55.410514
            ],
            [
              -131.69697,
              55.410537
            ],
            [
              -131.697046,
              55.410552
            ],
            [
              -131.697111,
              55.410556
            ],
            [
              -131.697196,
              55.410568
            ],
            [
              -131.697256,
              55.410596
            ],
            [
              -131.697315,
              55.410635
            ],
            [
              -131.697358,
              55.41067
            ],
            [
              -131.697389,
              55.410718
            ],
            [
              -131.697406,
              55.410758
            ],
            [
              -131.697393,
              55.410791
            ],
            [
              -131.697382,
              55.410834
            ],
            [
              -131.69737,
              55.410867
            ],
            [
              -131.697366,
              55.410883
            ],
            [
              -131.697355,
              55.410915
            ],
            [
              -131.697349,
              55.410958
            ],
            [
              -131.697341,
              55.410988
            ],
            [
              -131.697326,
              55.411028
            ],
            [
              -131.69731,
              55.411066
            ],
            [
              -131.697294,
              55.411108
            ],
            [
              -131.69726,
              55.411149
            ],
            [
              -131.697199,
              55.411176
            ],
            [
              -131.697149,
              55.411194
            ],
            [
              -131.697108,
              55.411222
            ],
            [
              -131.697087,
              55.411265
            ],
            [
              -131.697094,
              55.41131
            ],
            [
              -131.697103,
              55.411361
            ],
            [
              -131.697113,
              55.411398
            ],
            [
              -131.697148,
              55.411424
            ],
            [
              -131.697151,
              55.411437
            ],
            [
              -131.697155,
              55.411453
            ],
            [
              -131.697152,
              55.411502
            ],
            [
              -131.697194,
              55.411549
            ],
            [
              -131.697238,
              55.411546
            ],
            [
              -131.697244,
              55.411574
            ],
            [
              -131.697217,
              55.411592
            ],
            [
              -131.697203,
              55.411618
            ],
            [
              -131.697201,
              55.411662
            ],
            [
              -131.697211,
              55.411706
            ],
            [
              -131.697217,
              55.411763
            ],
            [
              -131.697216,
              55.411822
            ],
            [
              -131.69716,
              55.411869
            ],
            [
              -131.697127,
              55.411906
            ],
            [
              -131.697097,
              55.411961
            ],
            [
              -131.697069,
              55.412013
            ],
            [
              -131.697027,
              55.412068
            ],
            [
              -131.696994,
              55.412133
            ],
            [
              -131.696961,
              55.412182
            ],
            [
              -131.69693,
              55.412225
            ],
            [
              -131.696889,
              55.412259
            ],
            [
              -131.696837,
              55.4123
            ],
            [
              -131.6968,
              55.412349
            ],
            [
              -131.696769,
              55.412394
            ],
            [
              -131.69675,
              55.412442
            ],
            [
              -131.696732,
              55.412489
            ],
            [
              -131.696721,
              55.412538
            ],
            [
              -131.696708,
              55.412583
            ],
            [
              -131.696716,
              55.412628
            ],
            [
              -131.696709,
              55.412676
            ],
            [
              -131.696709,
              55.412721
            ],
            [
              -131.696709,
              55.412772
            ],
            [
              -131.696708,
              55.412822
            ],
            [
              -131.696675,
              55.412866
            ],
            [
              -131.696679,
              55.412912
            ],
            [
              -131.69669,
              55.412957
            ],
            [
              -131.696676,
              55.413003
            ],
            [
              -131.696654,
              55.413058
            ],
            [
              -131.696634,
              55.413104
            ],
            [
              -131.696609,
              55.413147
            ],
            [
              -131.696617,
              55.413211
            ],
            [
              -131.696604,
              55.413265
            ],
            [
              -131.696606,
              55.413313
            ],
            [
              -131.696621,
              55.413359
            ],
            [
              -131.696642,
              55.413404
            ],
            [
              -131.696655,
              55.413449
            ],
            [
              -131.696665,
              55.413495
            ],
            [
              -131.6967,
              55.413539
            ],
            [
              -131.696719,
              55.413588
            ],
            [
              -131.696737,
              55.413636
            ],
            [
              -131.696758,
              55.413683
            ],
            [
              -131.6968,
              55.413724
            ],
            [
              -131.696828,
              55.41376
            ],
            [
              -131.696884,
              55.413784
            ],
            [
              -131.696967,
              55.4138
            ],
            [
              -131.697043,
              55.413818
            ],
            [
              -131.697125,
              55.41384
            ],
            [
              -131.697181,
              55.413873
            ],
            [
              -131.697217,
              55.413916
            ],
            [
              -131.697254,
              55.41396
            ],
            [
              -131.697265,
              55.41401
            ],
            [
              -131.697272,
              55.414061
            ],
            [
              -131.697269,
              55.414113
            ],
            [
              -131.697265,
              55.41416
            ],
            [
              -131.697243,
              55.414181
            ]
          ],
          [
            [
              -131.700125,
              55.408818
            ],
            [
              -131.700102,
              55.408808
            ],
            [
              -131.700014,
              55.408775
            ],
            [
              -131.699929,
              55.408767
            ],
            [
              -131.699848,
              55.408783
            ],
            [
              -131.699753,
              55.408796
            ],
            [
              -131.699731,
              55.408798
            ],
            [
              -131.699671,
              55.4088
            ],
            [
              -131.699575,
              55.4088
            ],
            [
              -131.699496,
              55.408816
            ],
            [
              -131.699435,
              55.408801
            ],
            [
              -131.699364,
              55.408771
            ],
            [
              -131.699273,
              55.408751
            ],
            [
              -131.699178,
              55.408759
            ],
            [
              -131.699109,
              55.408752
            ],
            [
              -131.699039,
              55.40874
            ],
            [
              -131.698963,
              55.40874
            ],
            [
              -131.698879,
              55.408729
            ],
            [
              -131.698771,
              55.408717
            ],
            [
              -131.698673,
              55.408704
            ],
            [
              -131.698623,
              55.408701
            ],
            [
              -131.698532,
              55.408702
            ],
            [
              -131.698445,
              55.408714
            ],
            [
              -131.698379,
              55.408745
            ],
            [
              -131.69831,
              55.408769
            ],
            [
              -131.698251,
              55.408762
            ],
            [
              -131.698148,
              55.40876
            ],
            [
              -131.698036,
              55.408758
            ],
            [
              -131.697952,
              55.408775
            ],
            [
              -131.697889,
              55.408793
            ],
            [
              -131.697834,
              55.408815
            ],
            [
              -131.697797,
              55.408838
            ],
            [
              -131.697713,
              55.408851
            ],
            [
              -131.697633,
              55.408845
            ],
            [
              -131.697551,
              55.408841
            ],
            [
              -131.697476,
              55.408848
            ],
            [
              -131.697396,
              55.408861
            ],
            [
              -131.697313,
              55.408873
            ],
            [
              -131.69724,
              55.408881
            ],
            [
              -131.697183,
              55.408891
            ],
            [
              -131.697122,
              55.408901
            ],
            [
              -131.697048,
              55.408924
            ],
            [
              -131.696967,
              55.408953
            ],
            [
              -131.696898,
              55.408976
            ],
            [
              -131.696829,
              55.409013
            ],
            [
              -131.696809,
              55.409027
            ]
          ],
          [
            [
              -131.702991,
              55.409559
            ],
            [
              -131.703053,
              55.409522
            ],
            [
              -131.703077,
              55.409472
            ],
            [
              -131.703073,
              55.409413
            ],
            [
              -131.703076,
              55.409351
            ],
            [
              -131.703094,
              55.409304
            ],
            [
              -131.703101,
              55.409207
            ],
            [
              -131.703104,
              55.409164
            ]
          ],
          [
            [
              -131.702188,
              55.414042
            ],
            [
              -131.702245,
              55.414009
            ],
            [
              -131.702279,
              55.413964
            ],
            [
              -131.702311,
              55.413912
            ],
            [
              -131.702325,
              55.413864
            ],
            [
              -131.702399,
              55.413821
            ],
            [
              -131.702465,
              55.413779
            ],
            [
              -131.702536,
              55.413754
            ],
            [
              -131.702591,
              55.413718
            ],
            [
              -131.702617,
              55.413668
            ],
            [
              -131.702664,
              55.413598
            ],
            [
              -131.70271,
              55.41352
            ],
            [
              -131.702751,
              55.413462
            ],
            [
              -131.702785,
              55.413409
            ],
            [
              -131.702847,
              55.413364
            ],
            [
              -131.702916,
              55.413324
            ],
            [
              -131.703,
              55.413316
            ],
            [
              -131.703064,
              55.413307
            ]
          ],
          [
            [
              -131.703104,
              55.409164
            ],
            [
              -131.703091,
              55.409115
            ],
            [
              -131.703046,
              55.409069
            ],
            [
              -131.703047,
              55.409021
            ],
            [
              -131.70301,
              55.408959
            ],
            [
              -131.702966,
              55.408936
            ],
            [
              -131.702882,
              55.408931
            ],
            [
              -131.702786,
              55.408925
            ],
            [
              -131.702753,
              55.408946
            ],
            [
              -131.702674,
              55.408942
            ],
            [
              -131.702615,
              55.408926
            ]
          ],
          [
            [
              -131.704502,
              55.411974
            ],
            [
              -131.704521,
              55.411947
            ],
            [
              -131.704565,
              55.411895
            ],
            [
              -131.704627,
              55.411839
            ],
            [
              -131.704695,
              55.411796
            ],
            [
              -131.704777,
              55.411742
            ],
            [
              -131.704775,
              55.411687
            ],
            [
              -131.704784,
              55.411637
            ],
            [
              -131.704846,
              55.411598
            ],
            [
              -131.704918,
              55.41156
            ],
            [
              -131.705,
              55.41153
            ],
            [
              -131.705077,
              55.411493
            ],
            [
              -131.705135,
              55.411445
            ],
            [
              -131.705179,
              55.411403
            ],
            [
              -131.705213,
              55.411362
            ],
            [
              -131.705256,
              55.41132
            ],
            [
              -131.705302,
              55.411276
            ],
            [
              -131.705399,
              55.411238
            ],
            [
              -131.705441,
              55.411194
            ],
            [
              -131.705529,
              55.411156
            ],
            [
              -131.705555,
              55.411139
            ]
          ],
          [
            [
              -131.700807,
              55.409035
            ],
            [
              -131.700709,
              55.409007
            ],
            [
              -131.700638,
              55.40898
            ],
            [
              -131.700594,
              55.40895
            ],
            [
              -131.700583,
              55.408943
            ],
            [
              -131.700526,
              55.408927
            ],
            [
              -131.700518,
              55.408925
            ],
            [
              -131.700437,
              55.408906
            ],
            [
              -131.700339,
              55.408888
            ],
            [
              -131.700247,
              55.408872
            ],
            [
              -131.700176,
              55.408842
            ],
            [
              -131.700162,
              55.408835
            ],
            [
              -131.700125,
              55.408818
            ]
          ],
          [
            [
              -131.705555,
              55.411139
            ],
            [
              -131.705582,
              55.41112
            ],
            [
              -131.705638,
              55.411086
            ],
            [
              -131.70568,
              55.411044
            ],
            [
              -131.705733,
              55.411002
            ],
            [
              -131.705747,
              55.410955
            ],
            [
              -131.705659,
              55.410898
            ]
          ],
          [
            [
              -131.703668,
              55.41278
            ],
            [
              -131.703689,
              55.412765
            ],
            [
              -131.70373,
              55.412726
            ],
            [
              -131.703767,
              55.412683
            ],
            [
              -131.70378,
              55.412613
            ],
            [
              -131.703777,
              55.412531
            ],
            [
              -131.70379,
              55.412466
            ],
            [
              -131.703779,
              55.412417
            ],
            [
              -131.703801,
              55.412362
            ],
            [
              -131.703865,
              55.412313
            ],
            [
              -131.703956,
              55.412271
            ],
            [
              -131.704043,
              55.412235
            ],
            [
              -131.704138,
              55.412197
            ],
            [
              -131.704225,
              55.412158
            ],
            [
              -131.704312,
              55.412109
            ],
            [
              -131.704381,
              55.412082
            ],
            [
              -131.704434,
              55.412035
            ],
            [
              -131.704485,
              55.411998
            ],
            [
              -131.704502,
              55.411974
            ]
          ],
          [
            [
              -131.705659,
              55.410898
            ],
            [
              -131.705619,
              55.410872
            ],
            [
              -131.705534,
              55.410855
            ],
            [
              -131.70545,
              55.410865
            ],
            [
              -131.705384,
              55.410895
            ],
            [
              -131.705318,
              55.41093
            ],
            [
              -131.705226,
              55.410939
            ],
            [
              -131.705158,
              55.410965
            ],
            [
              -131.705111,
              55.411004
            ],
            [
              -131.705036,
              55.411018
            ]
          ],
          [
            [
              -131.701835,
              55.414415
            ],
            [
              -131.701879,
              55.414377
            ],
            [
              -131.701952,
              55.414344
            ],
            [
              -131.70196,
              55.414325
            ],
            [
              -131.702011,
              55.414284
            ],
            [
              -131.702043,
              55.414239
            ],
            [
              -131.702046,
              55.414194
            ],
            [
              -131.70206,
              55.41415
            ],
            [
              -131.702087,
              55.414107
            ],
            [
              -131.702128,
              55.414067
            ],
            [
              -131.702188,
              55.414042
            ]
          ]
        ]
      },
      "properties": {
        "id": "ward-lake-nature-trail",
        "name": "Ward Lake Nature Trail",
        "status": "existing",
        "corridorId": "downtown-to-ward-lake",
        "landManagers": [
          "USDA Forest Service"
        ],
        "lengthMi": 1.357,
        "elevationGainFt": 40,
        "difficulty": "easy",
        "surface": "gravel",
        "seasonality": "Snow-free May–October",
        "connectsTo": [
          "frog-pond-trail",
          "perseverance-trail"
        ],
        "summary": "The accessible loop at Ward Lake. The destination at the north end of the downtown spine.",
        "whatItNeeds": null,
        "sourceRef": "usfs-nfs-trails",
        "updatedAt": "2026-08-28"
      }
    },
    {
      "type": "Feature",
      "id": "ward-lake-to-connell",
      "geometry": {
        "type": "LineString",
        "coordinates": [
          [
            -131.6848,
            55.4122
          ],
          [
            -131.6812,
            55.4195
          ],
          [
            -131.6764,
            55.4278
          ],
          [
            -131.6728,
            55.4356
          ],
          [
            -131.6701,
            55.4424
          ]
        ]
      },
      "properties": {
        "id": "ward-lake-to-connell",
        "name": "Ward Lake to Connell",
        "status": "proposed",
        "corridorId": "ward-to-lunch-creek",
        "landManagers": [
          "USDA Forest Service"
        ],
        "lengthMi": 2.166,
        "elevationGainFt": 970,
        "difficulty": null,
        "surface": "unbuilt",
        "seasonality": "Snow-free May–October",
        "connectsTo": [
          "perseverance-trail",
          "pipeline-trail"
        ],
        "summary": "Conceptual alignment only — not surveyed. The gap that keeps Ward Lake and Connell Lake as two separate destinations instead of one interior route.",
        "whatItNeeds": "Forest Service review of a surveyed alignment and a clear statement of what the corridor is not: it is not a road.",
        "sourceRef": "hand-drawn-concept",
        "updatedAt": "2026-08-28"
      }
    },
    {
      "type": "Feature",
      "id": "white-river-nordic-trail",
      "geometry": {
        "type": "MultiLineString",
        "coordinates": [
          [
            [
              -131.622859,
              55.453446
            ],
            [
              -131.622944,
              55.453263
            ],
            [
              -131.622944,
              55.452943
            ],
            [
              -131.622915,
              55.452943
            ],
            [
              -131.622814,
              55.452753
            ],
            [
              -131.622554,
              55.452706
            ]
          ],
          [
            [
              -131.621816,
              55.458068
            ],
            [
              -131.621791,
              55.457952
            ],
            [
              -131.621778,
              55.457921
            ],
            [
              -131.621769,
              55.457901
            ],
            [
              -131.621742,
              55.457836
            ],
            [
              -131.621735,
              55.457819
            ],
            [
              -131.62172,
              55.457785
            ],
            [
              -131.621712,
              55.45776
            ],
            [
              -131.621707,
              55.457746
            ],
            [
              -131.621701,
              55.457725
            ],
            [
              -131.621696,
              55.457707
            ],
            [
              -131.621681,
              55.457653
            ],
            [
              -131.621678,
              55.457643
            ],
            [
              -131.621659,
              55.457573
            ],
            [
              -131.621647,
              55.457532
            ],
            [
              -131.621643,
              55.457518
            ],
            [
              -131.62163,
              55.457453
            ],
            [
              -131.621627,
              55.457441
            ],
            [
              -131.62157,
              55.457225
            ],
            [
              -131.621565,
              55.457199
            ],
            [
              -131.621563,
              55.457189
            ],
            [
              -131.621552,
              55.457144
            ],
            [
              -131.621509,
              55.457007
            ],
            [
              -131.621496,
              55.456975
            ],
            [
              -131.621477,
              55.456927
            ],
            [
              -131.62146,
              55.456896
            ],
            [
              -131.621448,
              55.456875
            ],
            [
              -131.621414,
              55.456829
            ],
            [
              -131.621408,
              55.45682
            ],
            [
              -131.621396,
              55.456804
            ],
            [
              -131.621248,
              55.4566
            ],
            [
              -131.621078,
              55.456512
            ],
            [
              -131.621037,
              55.456486
            ],
            [
              -131.620982,
              55.45645
            ],
            [
              -131.620928,
              55.456417
            ],
            [
              -131.620889,
              55.456393
            ],
            [
              -131.620828,
              55.456358
            ],
            [
              -131.620789,
              55.456336
            ],
            [
              -131.620674,
              55.456267
            ],
            [
              -131.620572,
              55.456209
            ]
          ],
          [
            [
              -131.619759,
              55.455485
            ],
            [
              -131.619785,
              55.455453
            ],
            [
              -131.619816,
              55.455346
            ],
            [
              -131.620255,
              55.455263
            ],
            [
              -131.620514,
              55.454983
            ],
            [
              -131.620665,
              55.454913
            ],
            [
              -131.620754,
              55.454913
            ],
            [
              -131.620814,
              55.454913
            ],
            [
              -131.620835,
              55.454913
            ],
            [
              -131.621055,
              55.455193
            ],
            [
              -131.621335,
              55.455213
            ],
            [
              -131.622064,
              55.455023
            ],
            [
              -131.622295,
              55.454853
            ],
            [
              -131.622495,
              55.454163
            ],
            [
              -131.622594,
              55.454103
            ],
            [
              -131.622615,
              55.454053
            ],
            [
              -131.622594,
              55.454033
            ],
            [
              -131.622632,
              55.453949
            ]
          ],
          [
            [
              -131.620572,
              55.456209
            ],
            [
              -131.620475,
              55.456155
            ],
            [
              -131.620474,
              55.456155
            ],
            [
              -131.620435,
              55.456132
            ],
            [
              -131.620434,
              55.456132
            ],
            [
              -131.620305,
              55.456056
            ],
            [
              -131.62015,
              55.455961
            ],
            [
              -131.62001,
              55.455894
            ],
            [
              -131.619887,
              55.455821
            ],
            [
              -131.61978,
              55.45576
            ],
            [
              -131.619763,
              55.45575
            ],
            [
              -131.619733,
              55.455732
            ],
            [
              -131.619643,
              55.455677
            ],
            [
              -131.619593,
              55.455611
            ],
            [
              -131.619638,
              55.455565
            ],
            [
              -131.619679,
              55.455535
            ],
            [
              -131.619749,
              55.455499
            ],
            [
              -131.619759,
              55.455485
            ]
          ],
          [
            [
              -131.619555,
              55.454203
            ],
            [
              -131.619465,
              55.454403
            ],
            [
              -131.619455,
              55.454577
            ]
          ],
          [
            [
              -131.622554,
              55.452706
            ],
            [
              -131.622314,
              55.452663
            ],
            [
              -131.622044,
              55.452683
            ],
            [
              -131.621991,
              55.452728
            ]
          ],
          [
            [
              -131.621991,
              55.452728
            ],
            [
              -131.621965,
              55.45275
            ],
            [
              -131.621879,
              55.452847
            ],
            [
              -131.62177,
              55.452914
            ],
            [
              -131.62162,
              55.452979
            ],
            [
              -131.62151,
              55.45306
            ],
            [
              -131.621503,
              55.453188
            ],
            [
              -131.621472,
              55.453286
            ],
            [
              -131.621414,
              55.453383
            ],
            [
              -131.62137,
              55.453435
            ],
            [
              -131.621015,
              55.453753
            ],
            [
              -131.620627,
              55.453865
            ],
            [
              -131.620495,
              55.453903
            ],
            [
              -131.619525,
              55.454183
            ],
            [
              -131.619555,
              55.454203
            ]
          ],
          [
            [
              -131.619455,
              55.454577
            ],
            [
              -131.619445,
              55.454763
            ],
            [
              -131.619855,
              55.455213
            ],
            [
              -131.619817,
              55.455344
            ]
          ]
        ]
      },
      "properties": {
        "id": "white-river-nordic-trail",
        "name": "White River Nordic",
        "status": "existing",
        "corridorId": null,
        "landManagers": [
          "USDA Forest Service"
        ],
        "lengthMi": 0.736,
        "elevationGainFt": 0,
        "difficulty": "easy",
        "surface": "native",
        "seasonality": "Winter ski; snow-free walking May–October",
        "connectsTo": [],
        "summary": "Existing nordic trail near the Harriet Hunt / White River area.",
        "whatItNeeds": null,
        "sourceRef": "usfs-nfs-trails",
        "updatedAt": "2026-08-28"
      }
    },
    {
      "type": "Feature",
      "id": "whitman-trail",
      "geometry": {
        "type": "LineString",
        "coordinates": [
          [
            -131.6248,
            55.3224
          ],
          [
            -131.6186,
            55.3258
          ],
          [
            -131.6124,
            55.3286
          ]
        ]
      },
      "properties": {
        "id": "whitman-trail",
        "name": "Whitman Trail",
        "status": "existing",
        "corridorId": null,
        "landManagers": [
          "Ketchikan Gateway Borough"
        ],
        "lengthMi": 0.65,
        "elevationGainFt": 180,
        "difficulty": null,
        "surface": "native",
        "seasonality": "Snow-free May–October",
        "connectsTo": [],
        "summary": "Existing south-end trail. Alignment is approximate pending Borough GIS.",
        "whatItNeeds": null,
        "sourceRef": "hand-attributed-pending-borough-gis",
        "updatedAt": "2026-08-28"
      }
    }
  ]
}
